Unnamed: 0,week_of_outbreak,state_ut,district,Disease,Cases,Deaths,day,mon,year,Latitude,Longitude,preci,LAI,Temp
32,11th week,Maharashtra,Akola,Chikungunya,9,,12,3,2022,20.76181225,77.19211567,0.01140150866,5.0,311.4666666
128,22nd week,Karnataka,Vijayapura,Chikungunya,13,,1,6,2022,16.666667,75.916667,0.00807218942,,312.47200000000004
137,22nd week,Maharashtra,Satara,Chikungunya,5,,31,5,2022,17.63612885,74.29827808,0.005179040241,5.0,315.36400000000003
160,23rd week,Maharashtra,Satara,Chikungunya,5,,3,6,2022,17.63612885,74.29827808,0.0292018731,5.0,311.508
170,23rd week,Maharashtra,Jalgaon,Chikungunya,9,,23,5,2022,20.84288265,75.52612464,0.0002075557817,3.0,315.88
180,24th week,Karnataka,Vijayapura,Chikungunya,16,,12,6,2022,16.666667,75.916667,0.1594723727,4.0,306.66400000000004
192,3rd week,Karnataka,Bagalkot,Chikungunya,18,,17,1,2021,16.1853166,75.6967919,5.22e-05,,304.2133334
203,5th week,Karnataka,Chamarajanagar,Chikungunya,15,,2,1,2021,11.9346006,76.9328209,0.2146496303,16.0,302.82
207,5th week,Maharashtra,Satara,Chikungunya,20,,25,1,2021,17.63612885,74.29827808,8.27e-06,,306.4833334
211,5th week,Odisha,Bolangir,Chikungunya,5,,30,1,2021,20.7502257,83.2499464,0.008809665092,9.0,302.44
216,6th week,Maharashtra,Satara,Chikungunya,19,,5,2,2021,17.63612885,74.29827808,7.82e-05,7.0,305.836
217,6th week,Maharashtra,Thane,Chikungunya,2,,30,1,2021,19.1943294,72.9701779,3.79e-05,10.0,304.7766666
219,7th week,Karnataka,Bidar,Chikungunya,30,,20,2,2021,18.083333,77.333333,0.02307911892,4.0,308.84000000000003
262,16th week,Maharashtra,Ahmednagar,Chikungunya,3,1.0,23,3,2021,19.1627725,74.8580243,0.04168389914,6.0,309.66
263,16th week,Maharashtra,Ahmednagar,Chikungunya,13,,4,4,2021,19.1627725,74.8580243,7.99e-05,6.0,316.252
271,20th week,Maharashtra,Nashik,Chikungunya,6,,19,5,2021,20.0112475,73.7902364,0.2612602835,7.0,312.09000000000003
274,20th week,Maharashtra,Nashik,Chikungunya,11,,18,3,2021,20.0112475,73.7902364,5.56e-05,7.0,310.6566666
275,20th week,Maharashtra,Pune,Chikungunya,25,,8,2,2021,18.521428,73.8544541,9.5e-05,9.0,305.296
281,22nd week,Maharashtra,Pune,Chikungunya,6,,1,6,2021,18.521428,73.8544541,0.3985516351,,309.332
290,23rd week,Kerala,Trivandrum,Chikungunya,10,,14,5,2021,8.4882267,76.947551,1.219771472,9.0,300.26
303,25th week,Kerala,Thiruvananthapuram,Chikungunya,16,,15,6,2021,8.4882267,76.947551,0.7189253545,23.0,299.4133334
322,27th week,Maharashtra,Ahmednagar,Chikungunya,11,,7,7,2021,19.1627725,74.8580243,0.01744418547,9.0,306.51
350,30th week,Maharashtra,Nasik,Chikungunya,53,,18,6,2021,20.0112475,73.7902364,0.2630178863,,304.28000000000003
352,30th week,Maharashtra,Pune,Chikungunya,5,,22,7,2021,18.521428,73.8544541,1.56877296,5.0,300.22
359,31st week,Maharashtra,Beed,Chikungunya,7,,2,8,2021,18.9918442,75.909784,0.07704263847,6.0,306.24
361,31st week,Maharashtra,Kolhapur,Chikungunya,6,,2,8,2021,16.7028412,74.2405329,0.2327067055,9.0,298.7066666
366,31st week,Maharashtra,Satara,Chikungunya,20,,14,7,2021,17.63612885,74.29827808,1.242829167,5.0,303.64
371,32nd week,Maharashtra,Thane,Chikungunya,6,,13,8,2021,19.1943294,72.9701779,0.2987806702,,297.72
383,34th week,Karnataka,Kalburgi,Chikungunya,46,,22,8,2021,17.166667,77.083333,0.5430774122,7.0,
388,34th week,Maharashtra,Pune,Chikungunya,7,,13,8,2021,18.521428,73.8544541,0.2316700784,,298.24
402,35th week,Maharashtra,Pune,Chikungunya,42,,7,6,2021,18.521428,73.8544541,1.023137245,8.0,304.635
418,37th week,Karnataka,Tumkur,Chikungunya,63,,18,8,2021,13.3400771,77.1006208,0.4009891219,6.0,
429,39th week,Maharashtra,Osmanabad,Chikungunya,15,,18,9,2021,18.16984395,76.11796321,0.2647567631,10.0,298.6666666
447,40th week,Maharashtra,Beed,Dengue Chikungunya,19,,3,10,2021,18.9918442,75.909784,0.9033264022,14.0,301.90000000000003
457,40th week,Maharashtra,Osmanabad,Chikungunya,5,1.0,29,9,2021,18.16984395,76.11796321,1.49759568,,302.43
508,45th week,Maharashtra,Satara,Chikungunya,5,,7,11,2021,17.63612885,74.29827808,0.1401112338,8.0,305.5133334
522,47th week,Maharashtra,Nanded,Chikungunya,9,,23,11,2021,19.09400875,77.48319215,0.07439863145,7.0,301.1533334
538,49th week,Maharashtra,Akola,Chikungunya,10,,7,12,2021,20.76181225,77.19211567,0.05797235484,17.0,302.7933334
548,50th week,Maharashtra,Kolhapur,Chikungunya,6,,17,12,2021,16.7028412,74.2405329,0.004814798227,10.0,300.51
550,50th week,Maharashtra,Satara,Chikungunya,18,,15,8,2021,17.63612885,74.29827808,0.1265490177,7.0,305.96
557,1st week,Karnataka,Uttara Kannada,Chikungunya,14,,30,12,2019,14.72447415,74.64223734,0.03427887668,37.0,301.376
559,2nd week,Karnataka,Bagalkot,Chikungunya,33,,24,1,2019,16.1853166,75.6967919,9.99e-05,,308.1733334
560,3rd week,Maharashtra,Kolhapur,Chikungunya,11,,16,1,2020,16.7028412,74.2405329,0.007402090725,,303.05666659999997
574,5th week,Maharashtra,Kolhapur,Chikungunya,2,,29,1,2020,16.7028412,74.2405329,4.58e-05,7.0,306.268
596,9th week,Karnataka,Raichur,Chikungunya,6,,24,2,2020,16.083333,77.166667,5.82e-05,7.0,310.66400000000004
616,18th week,Karnataka,Hassan,Chikungunya,17,,25,4,2020,13.0070817,76.0992703,0.08969011065,8.0,310.248
631,23rd week,Tamil Nadu,Tenkasi (Tirunelveli),Chikungunya,25,,5,6,2020,8.9707606,77.3036864,0.9300106017,9.0,304.92
634,24th week,Tamil Nadu,Tirunelveli,Chikungunya,4,,8,6,2020,8.7284271,77.7112925,0.1544300263,,312.72
651,34th week,Karnataka,Tumkur,Chikungunya,31,,10,8,2020,13.3400771,77.1006208,0.8928106134,3.0,
668,45th week,Maharashtra,Kolhapur,Chikungunya,11,,20,7,2020,16.7028412,74.2405329,1.439750798,4.0,301.88
671,46th week,Karnataka,Chikkaballapura,Chikungunya,15,,12,11,2020,13.4358702,77.7312434,0.07124832105,13.0,300.085
675,46th week,Maharashtra,Ahmednagar,Chikungunya,40,,3,11,2020,19.1627725,74.8580243,0.0004237234006,13.0,303.2966666
676,46th week,Maharashtra,Ahmednagar,Chikungunya,25,,3,11,2020,19.1627725,74.8580243,0.0004237234006,13.0,303.2966666
677,48th week,Karnataka,Tumkur,Chikungunya,30,,22,11,2020,13.3400771,77.1006208,0.1394223998,12.0,300.065
680,48th week,Maharashtra,Nashik,Chikungunya,32,,6,11,2020,20.0112475,73.7902364,0.004162033368,16.0,303.99666659999997
682,48th week,Maharashtra,Osmanabad,Dengue And Chikungunya,7,,31,10,2020,18.16984395,76.11796321,0.007537283688,,304.896
684,48th week,Maharashtra,Pune,Chikungunya,7,,27,10,2020,18.521428,73.8544541,0.4427031901,21.0,301.58
686,48th week,Maharashtra,Satara,Chikungunya,5,,9,11,2020,17.63612885,74.29827808,0.0002154749944,9.0,304.81333340000003
690,49th week,Maharashtra,Satara,Chikungunya,7,,24,11,2020,17.63612885,74.29827808,0.02053397169,,305.18
693,50th week,Maharashtra,Nashik,Chikungunya,8,,4,12,2020,20.0112475,73.7902364,0.0008915244476,10.0,303.74
696,51st week,Kerala,Trivandrum,Chikungunya,11,,6,12,2020,8.4882267,76.947551,0.473091389,31.0,300.76
697,52nd week,Maharashtra,Ahmednagar,Chikungunya,14,,18,12,2020,19.1627725,74.8580243,0.08753196133,,301.796
698,52nd week,Maharashtra,Nashik,Chikungunya,9,,18,12,2020,20.0112475,73.7902364,0.09058216069,,300.41
707,53rd week,Maharashtra,Beed,Chikungunya,10,,16,10,2020,18.9918442,75.909784,1.976420015,13.0,299.16
708,53rd week,Maharashtra,Beed,Chikungunya,15,,16,9,2020,18.9918442,75.909784,0.6345256477,12.0,304.54
715,1st week,Tamil Nadu,Dharmapuri,Dengue And Chikungunya,11,,4,1,2019,12.09680475,78.19304301,0.02921215626,8.0,303.125
718,1st week,Karnataka,Davangere,Chikungunya,32,,20,12,2018,14.4679807,75.9195682,0.0003752598041,7.0,302.25
726,2nd week,Tamil Nadu,Salem,Chikungunya,83,,3,1,2019,11.0600516,77.0679581,0.07573510553,7.0,301.56
740,5th week,Karnataka,Tumkur,Chikungunya,137,,24,1,2019,13.3400771,77.1006208,8.61e-05,,305.3433334
744,6th week,Tamil Nadu,Pudukottai,Chikungunya,25,,5,2,2019,10.3826515,78.8191259,0.02520112055,8.0,304.52500000000003
745,6th week,Tamil Nadu,Ramanathapuram,Chikungunya,21,,5,2,2019,9.3895523,78.85907072,,7.0,306.29
755,8th week,Tamil Nadu,Karur,Chikungunya,12,,23,2,2019,10.9301522,78.08485455,0.006853667065,5.0,311.98400000000004
757,8th week,Tamil Nadu,Ariyalur,Chikungunya,15,,18,2,2019,11.07603595,79.11745538,0.01820628309,,307.656
758,8th week,Tamil Nadu,Erode,Chikungunya,22,,17,2,2019,11.3692044,77.67662687,0.004181771232,,309.376
765,10th week,Tamil Nadu,Ramanathapuram,Chikungunya,19,,5,3,2019,9.3895523,78.85907072,,,308.60400000000004
766,10th week,Tamil Nadu,Erode,Chikungunya,31,,3,3,2019,11.3692044,77.67662687,0.02002703379,5.0,311.68
769,11th week,Karnataka,Hassan,Chikungunya,15,,16,3,2019,13.0070817,76.0992703,0.003303466915,7.0,311.428
770,11th week,Karnataka,Tumkur,Chikungunya,49,,11,3,2019,13.3400771,77.1006208,0.0002054410762,6.0,312.9366666
771,11th week,Karnataka,Yadgiri,Chikungunya,20,,14,3,2019,16.7469536,77.1327594,0.0001087863941,,316.9133334
776,12th week,Tamil Nadu,Ramanathapuram,Chikungunya,25,,18,3,2019,9.3895523,78.85907072,,6.0,310.86
777,12th week,Tamil Nadu,Trichy,Chikungunya,23,,12,3,2019,10.7992254,78.6811423,0.006489457821,6.0,312.632
778,13th week,Jharkhand,Khunti,Chikungunya,23,,25,3,2019,23.10018105,85.34545936,0.01662686566,9.0,304.47
781,13th week,Tamil Nadu,Madurai,Chikungunya,39,,27,3,2019,9.9261153,78.1140983,0.006165418869,5.0,316.66400000000004
784,14th week,Karnataka,Dharwad,Chikungunya,20,,1,4,2019,15.4540505,75.0066516,0.06617019652,4.0,318.404
785,14th week,Puducherry,Puducherry,Chikungunya,7,,1,4,2019,11.9340568,79.8306447,0.0008623288635,8.0,312.7
789,14th week,Telangana,Mahabubnagar,Chikungunya,46,,30,3,2019,16.69656855,77.95911462,0.000115105571,,318.008
797,16th week,Karnataka,Belagavi,Chikungunya,13,,16,4,2019,15.8572666,74.5069343,0.1043416407,9.0,316.60400000000004
829,21st week,Gujarat,Devbhoomi Dwarka,Chikungunya,5,,14,5,2019,22.2105363,69.653336,0.0002652657501,2.0,316.036
836,22nd week,Tamil Nadu,Madurai,Chikungunya,79,,27,5,2019,9.9261153,78.1140983,0.03958777948,5.0,314.96500000000003
842,23rd week,Karnataka,Shimoga,Chikungunya,32,,6,6,2019,13.9326093,75.574978,0.142101161,11.0,307.99333340000004
874,24th week,Karnataka,Bangalore Urban,Chikungunya,40,,5,6,2019,12.94514225,77.553645,0.7047662041,10.0,305.5733334
878,24th week,Maharashtra,Sangli,Chikungunya,10,,13,5,2019,17.1726928,74.58676543,0.001723798489,7.0,315.9633334
891,25th week,Karnataka,Chamarajanagar,Chikungunya,32,,15,6,2019,11.9346006,76.9328209,0.2789780155,14.0,303.48400000000004
908,26th week,Tamil Nadu,Dharmapuri,Chikungunya,39,,26,6,2019,12.09680475,78.19304301,0.1341004157,,311.38
913,26th week,Karnataka,Kolar,Chikungunya,23,,7,6,2019,13.1367201,78.1337246,0.6459420959,10.0,306.7266666
921,27th week,Telangana,Mahabubnagar,Chikungunya,26,,4,7,2019,16.69656855,77.95911462,0.4700085241,,
926,27th week,Karnataka,Chikkaballapura,Chikungunya,45,,20,6,2019,13.4358702,77.7312434,0.09329984611,6.0,307.19
947,29th week,Karnataka,Bangalore Rural,Dengue And Chikungunya,28,,2,7,2019,13.0010872,77.3361225,0.08700888881,6.0,308.27
962,29th week,Karnataka,Dharwad,Chikungunya,12,,14,7,2019,15.4540505,75.0066516,0.8206304147,4.0,305.05
964,29th week,Kerala,Idukki,Chikungunya,10,,5,7,2019,9.8497872,76.9797914,0.7307986165,20.0,299.31
971,30th week,Karnataka,Dharwad,Chikungunya,6,,22,7,2019,15.4540505,75.0066516,0.6616024224,2.0,309.12
990,31st week,Karnataka,Dharwad,Chikungunya,9,,22,7,2019,15.4540505,75.0066516,0.6616024224,2.0,309.12
997,31st week,Arunachal Pradesh,East Siang,Chikungunya,77,,7,7,2019,28.3,95.15,1.589279616,5.0,294.02
1008,32nd week,Tamil Nadu,Theni,Chikungunya,34,,9,8,2019,9.9696643,77.47420049,0.2719435978,3.0,
1014,32nd week,Arunachal Pradesh,East Siang,Chikungunya,83,,7,7,2019,28.3,95.15,1.589279616,5.0,294.02
1027,33rd week,Tamil Nadu,Madurai,Chikungunya,32,,7,8,2019,9.9261153,78.1140983,0.004243494,4.0,316.54
1029,33rd week,Arunachal Pradesh,East Siang,Chikungunya,77,,7,7,2019,28.3,95.15,1.589279616,5.0,294.02
1047,34th week,Telangana,Mahabubnagar,Dengue And Chikungunya,32,,21,8,2019,16.69656855,77.95911462,0.1482366824,,304.16
1060,35th week,Karnataka,Kalaburagi,Chikungunya,28,,26,9,2018,17.166667,77.083333,0.1273356553,16.0,306.0466666
1114,37th week,Karnataka,Kalaburagi,Chikungunya,23,,11,9,2019,17.166667,77.083333,0.4112960739,8.0,
1142,38th week,Tamil Nadu,Theni,Chikungunya,43,,7,9,2019,9.9696643,77.47420049,0.04284734381,6.0,313.90000000000003
1153,39th week,Karnataka,Yadgiri,Chikungunya,9,,22,9,2019,16.7469536,77.1327594,0.4594371424,,300.7733334
1157,39th week,Maharashtra,Wardha,Dengue And Chikungunya,12,1.0,21,9,2019,20.82562315,78.6131455,0.685034212,,300.1
1165,39th week,Maharashtra,Osmanabad,Chikungunya,46,,10,9,2019,18.16984395,76.11796321,0.8562232641,8.0,
1172,40th week,Karnataka,Tumkur,Chikungunya,31,,30,9,2019,13.3400771,77.1006208,0.4599379718,,301.8
1185,40th week,Karnataka,Bidar,Chikungunya,44,,15,9,2019,18.083333,77.333333,0.1599483745,15.0,297.485
1187,40th week,Maharashtra,Amravati,Dengue And Chikungunya,4,,25,9,2019,20.9521098,77.7333168,0.809709694,18.0,302.0
1216,42nd week,Karnataka,Chikkaballapur,Chikungunya,11,,12,10,2019,13.6102243,77.5127721,0.6473324486,15.0,301.07
1217,42nd week,Karnataka,Kalaburagi,Chikungunya,60,,16,10,2019,17.166667,77.083333,0.3452807156,,303.69
1218,42nd week,Karnataka,Yadgiri,Chikungunya,48,,16,10,2019,16.7469536,77.1327594,0.3777391155,,302.385
1224,42nd week,Tamil Nadu,Madurai,Chikungunya,80,,17,10,2019,9.9261153,78.1140983,0.3511513506,5.0,300.66
1231,42nd week,Karnataka,Chikkaballapur,Chikungunya,19,,8,10,2019,13.6102243,77.5127721,0.8527921506,,301.60400000000004
1232,42nd week,Karnataka,Chikkaballapur,Chikungunya,26,,8,10,2019,13.6102243,77.5127721,0.8527921506,,301.60400000000004
1234,42nd week,Karnataka,Tumkur,Chikungunya,22,,26,9,2019,13.3400771,77.1006208,0.5626303661,13.0,300.0666666
1235,42nd week,Karnataka,Tumkur,Chikungunya,20,,9,10,2019,13.3400771,77.1006208,0.9561099346,13.0,301.572
1250,43rd week,Karnataka,Dharwad,Chikungunya,7,,19,10,2019,15.4540505,75.0066516,0.520312312,5.0,300.94
1251,43rd week,Karnataka,Kalaburagi,Chikungunya,27,,24,10,2019,17.166667,77.083333,0.4642879491,,301.42
1263,43rd week,Karnataka,Chikkaballapur,Chikungunya,15,,16,10,2019,13.6102243,77.5127721,0.3899630417,,300.996
1276,44th week,Telangana,Sangareddy,Dengue And Chikungunya,34,,29,10,2019,17.86859205,77.82281995,0.3207304375,16.0,298.86400000000003
1277,44th week,Tamil Nadu,Madurai,Chikungunya,49,,1,11,2019,9.9261153,78.1140983,0.6686315613,,297.16
1291,45th week,Jharkhand,Ranchi,Dengue And Chikungunya,16,,31,10,2019,23.3700501,85.3250387,0.5888525573,,299.335
1294,45th week,Karnataka,Tumkur,Dengue And Chikungunya,33,,22,10,2019,13.3400771,77.1006208,0.7204339127,9.0,300.42
1296,45th week,Maharashtra,Pune,Dengue And Chikungunya,4,,25,10,2019,18.521428,73.8544541,1.0779653,11.0,294.56
1308,46th week,Karnataka,Tumkur,Chikungunya,14,,11,11,2019,13.3400771,77.1006208,0.1058595031,14.0,300.192
1310,46th week,Tamil Nadu,Madurai,Chikungunya,26,,11,11,2019,9.9261153,78.1140983,0.3634270427,11.0,304.735
1311,46th week,Tamil Nadu,Virudhunagar Sivakasi,Chikungunya,27,,7,11,2019,9.4477045,77.8000434,0.1080855292,16.0,303.635
1318,47th week,Karnataka,Dakshina Kannada,Chikungunya,30,,17,11,2019,12.9324457,74.9813132,0.2765966378,,302.56
1325,47th week,Karnataka,Kalaburgi,Chikungunya,12,,17,9,2019,17.31506295,76.83148612,0.1665694378,11.0,305.1533334
1326,47th week,Karnataka,Kalaburgi,Chikungunya,60,,24,10,2019,17.31506295,76.83148612,0.4642879491,,301.42
1327,47th week,Karnataka,Tumkur,Chikungunya,16,,12,11,2019,13.3400771,77.1006208,0.103526807,14.0,300.072
1338,48th week,Maharashtra,Kolhapur,Chikungunya,8,,25,11,2019,16.7028412,74.2405329,0.02766005466,,305.355
1344,48th week,Karnataka,Bengaluru Urban,Chikungunya,46,,18,11,2019,12.94514225,77.553645,0.08024081939,10.0,300.305
1347,48th week,Odisha,Jajpur,Chikungunya,60,,10,11,2019,20.8522696,86.3385714,0.7888433418,18.0,298.7933334
1356,49th week,Karnataka,Bagalkot,Chikungunya,25,,27,11,2019,16.1853166,75.6967919,0.005961262581,11.0,305.0
1359,49th week,Karnataka,Tumkur,Dengue And Chikungunya,19,,18,11,2019,13.3400771,77.1006208,0.1112847105,13.0,300.108
1361,49th week,Kerala,Trivandrum,Chikungunya,18,,11,11,2019,8.4882267,76.947551,0.612975951,37.0,300.988
1364,49th week,Odisha,Jajpur,Chikungunya,142,,10,11,2019,20.8522696,86.3385714,0.7888433418,18.0,298.7933334
1369,50th week,Karnataka,Tumkur,Chikungunya,14,,30,11,2019,13.3400771,77.1006208,0.0366088415,12.0,300.0866666
1379,51st week,Karnataka,Bangalore,Chikungunya,42,,3,12,2019,12.9767936,77.590082,0.4518235661,,
1382,51st week,Maharashtra,Kolhapur,Chikungunya,7,,13,12,2019,16.7028412,74.2405329,0.004473537781,9.0,304.248
1384,1st week,Karnataka,Kalaburagi,Chikungunya,55,,2,1,2018,17.166667,77.083333,4.34e-05,6.5,306.588
1389,2nd week,Karnataka,Kalaburgi,Chikungunya,85,,11,1,2018,17.31506295,76.83148612,9.23e-05,5.0,305.13
1391,2nd week,Maharashtra,Osmanabad,Chikungunya,17,,11,12,2017,18.16984395,76.11796321,0.003459001668,,304.7766666
1393,3rd week,Karnataka,Dharwad,Chikungunya,12,,17,1,2018,15.4540505,75.0066516,0.0002835892085,,308.904
1399,4th week,Karnataka,Davangere,Chikungunya,15,,18,1,2018,14.4679807,75.9195682,8.28e-05,7.0,307.28400000000005
1421,8th week,Tamil Nadu,Tiruchirapalli,Chikungunya,23,,18,2,2018,10.8219673,78.6830614,0.0134968099,,308.73
1425,9th week,Tamil Nadu,Dindigul,Chikungunya,36,,26,2,2018,10.3303299,78.06739791,0.00111927392,,308.44
1426,9th week,Tamil Nadu,Villupuram,Chikungunya,39,,19,2,2019,11.9415377,79.4861469,0.03007789526,8.0,303.58
1432,10th week,Tamil Nadu,Madurai,Chikungunya,49,,5,3,2018,9.9261153,78.1140983,0.007711442964,,315.2866666
1433,10th week,Tamil Nadu,Dindigul,Chikungunya,23,,8,3,2018,10.3303299,78.06739791,0.0002636578141,8.0,313.836
1434,10th week,Kerala,Thrissur,Chikungunya,30,,13,3,2018,10.5256264,76.2132542,0.01381820318,,304.824
1442,12th week,Karnataka,Bagalkot,Chikungunya,32,,20,3,2018,16.1853166,75.6967919,0.0837246015,5.0,314.5
1444,12th week,Tamil Nadu,Sivaganga,Chikungunya,10,,24,3,2018,9.851231,78.53047155,0.01019267569,5.0,315.09200000000004
1447,12th week,Karnataka,Davangere,Chikungunya,48,,13,3,2018,14.4679807,75.9195682,7.39e-05,,312.676
1452,13th week,Tamil Nadu,Dindigul,Chikungunya,26,,29,3,2018,10.3303299,78.06739791,0.02167213385,,309.5366666
1460,14th week,Tamil Nadu,Ramanathapuram,Chikungunya,20,,5,4,2018,9.3895523,78.85907072,,5.0,310.40000000000003
1468,16th week,Karnataka,Bijapur,Chikungunya,26,,13,4,2018,16.8269911,75.7175387,0.07325325127,4.0,316.29200000000003
1470,16th week,Telangana,Jogulamba Gadwal,Chikungunya,56,,15,4,2018,16.0999202,77.73415835,0.004504152605,,315.848
1472,16th week,Tamil Nadu,Dindigul,Chikungunya,85,,7,4,2018,10.3303299,78.06739791,0.003073672672,,311.54
1477,17th week,Karnataka,Kalaburagi,Chikungunya,22,,28,4,2018,17.166667,77.083333,0.001087584582,3.0,322.6533334
1478,17th week,Karnataka,Bijapur,Chikungunya,49,,25,4,2018,16.8269911,75.7175387,0.0009461102516,4.0,318.2966666
1485,17th week,Tamil Nadu,Dindigul,Chikungunya,22,,19,4,2018,10.3303299,78.06739791,0.203697193,8.0,310.1
1486,17th week,Tamil Nadu,Ramanathapuram,Chikungunya,23,,23,4,2018,9.3895523,78.85907072,,,311.34000000000003
1500,18th week,Gujarat,Junagadh,Chikungunya,48,,30,4,2018,21.5174104,70.4642754,0.0002567973069,,322.4866666
1515,19th week,Tamil Nadu,Madurai,Chikungunya,26,,8,5,2018,9.9261153,78.1140983,0.2308199901,,314.46
1524,20th week,Maharashtra,Nashik,Chikungunya,66,,17,4,2018,20.0112475,73.7902364,0.003291825075,6.0,317.124
1536,21st week,Madhya Pradesh,Morena,Chikungunya,36,,18,3,2018,26.166667,77.5,0.002149271036,6.0,309.5166666
1545,22nd week,Tamil Nadu,Tiruchirapalli,Chikungunya,31,,31,5,2018,10.8219673,78.6830614,0.137969752,8.0,310.38
1548,22nd week,Maharashtra,Kolhapur,Chikungunya,9,,23,5,2018,16.7028412,74.2405329,0.1703639866,7.0,310.27500000000003
1554,23rd week,Karnataka,Dharwad,Chikungunya,45,,6,6,2018,15.4540505,75.0066516,0.6873879796,4.0,310.7066666
1555,23rd week,Karnataka,Haveri,Chikungunya,13,,5,6,2018,14.7874825,75.3996731,0.3708185645,14.0,302.54
1556,23rd week,Karnataka,Hassan,Chikungunya,15,,31,5,2018,13.0070817,76.0992703,0.6991572395,11.0,301.57
1557,23rd week,Karnataka,Gadag,Chikungunya,26,,2,6,2018,15.4206667,75.6225644,0.2408099412,,311.455
1561,23rd week,Tamil Nadu,Madurai,Chikungunya,30,,3,6,2018,9.9261153,78.1140983,0.08342478546,7.0,309.44
1562,23rd week,Tamil Nadu,Ramanathapuram,Chikungunya,9,,8,6,2018,9.3895523,78.85907072,,5.0,313.1866666
1567,23rd week,Maharashtra,Satara,Chikungunya,9,,11,5,2018,17.63612885,74.29827808,0.001509722545,4.0,318.36333340000004
1580,24th week,Tamil Nadu,Ramanathapuram,Chikungunya,12,,14,6,2018,9.3895523,78.85907072,,4.0,316.32
1584,24th week,Karnataka,Ramanagara,Chikungunya,52,,5,6,2018,12.7252766,77.2804797,0.5952799922,9.0,300.47
1597,25th week,Karnataka,Bijapur,Chikungunya,15,,20,6,2018,16.8269911,75.7175387,0.2205118565,2.0,308.94
1598,25th week,Karnataka,Dharwad,Chikungunya,43,,19,6,2018,15.4540505,75.0066516,0.2270826659,2.0,307.208
1599,25th week,Karnataka,Shivamogga,Chikungunya,11,,22,6,2018,13.9326093,75.574978,0.4231431664,10.0,302.26
1605,25th week,Tamil Nadu,Theni,Chikungunya,28,,21,6,2018,9.9696643,77.47420049,0.06686248441,6.0,311.88
1625,27th week,Karnataka,Haveri,Chikungunya,50,,3,7,2018,14.7874825,75.3996731,0.8247975791,,
1629,27th week,Tamil Nadu,Madurai,Chikungunya,20,,5,7,2018,9.9261153,78.1140983,0.320263401,6.0,311.128
1630,27th week,Tamil Nadu,Ramanathapuram,Chikungunya,15,,2,7,2018,9.3895523,78.85907072,,5.0,315.1
1631,27th week,Tamil Nadu,Virudhunagar,Chikungunya,19,,5,7,2018,9.5208936,77.8784564,0.1895831553,6.0,311.1666666
1635,27th week,Maharashtra,Nashik,Chikungunya,137,,5,5,2018,20.0112475,73.7902364,0.0002101251941,5.0,319.048
1636,27th week,Maharashtra,Pune,Chikungunya,18,,14,4,2018,18.521428,73.8544541,0.01842531364,,317.74333340000004
1647,28th week,Karnataka,Haveri,Chikungunya,15,,9,7,2018,14.7874825,75.3996731,0.7626852849,3.0,
1667,29th week,Maharashtra,Nashik,Chikungunya,28,,12,7,2018,20.0112475,73.7902364,1.258657813,,
1677,29th week,Tamil Nadu,Madurai,Chikungunya,64,,13,7,2018,9.9261153,78.1140983,0.01738082414,7.0,310.38
1678,29th week,Tamil Nadu,Salem,Chikungunya,45,,16,7,2018,11.0600516,77.0679581,0.372596741,4.0,302.48
1679,29th week,Tamil Nadu,Sivaganga,Chikungunya,20,,17,7,2018,9.851231,78.53047155,0.1954551777,7.0,310.38
1701,30th week,Telangana,Karimnagar,Chikungunya,31,,27,7,2018,18.4348122,79.1328042,0.3415092275,,
1702,30th week,Telangana,Khammam,Chikungunya,40,,26,7,2018,17.5,80.333333,0.4959143679,8.0,
1713,31st week,Tamil Nadu,Madurai,Chikungunya,120,,2,8,2018,9.9261153,78.1140983,0.136954351,5.0,311.7
1717,31st week,Maharashtra,Nashik,Chikungunya,73,,4,8,2018,20.0112475,73.7902364,0.3740681367,,299.73
1727,32nd week,Karnataka,Bengaluru,Chikungunya,22,,6,8,2018,12.9767936,77.590082,0.06711051424,3.0,300.52
1728,32nd week,Karnataka,Bijapur,Chikungunya,18,,5,8,2018,16.8269911,75.7175387,0.1090592869,,305.81
1735,32nd week,Telangana,Karimnagar,Chikungunya,17,,12,8,2018,18.4348122,79.1328042,0.3995288165,,300.58
1742,33rd week,Karnataka,Chikkaballapura,Chikungunya,15,,13,8,2018,13.4358702,77.7312434,0.3055434906,,304.46
1743,33rd week,Tamil Nadu,Virudhunagar- Sivakasi,Chikungunya,44,,6,8,2018,9.4477045,77.8000434,0.04841057558,4.0,314.5
1765,35th week,Karnataka,Shimoga,Chikungunya,19,,30,8,2018,13.9326093,75.574978,0.2462196016,15.0,295.76
1773,35th week,Maharashtra,Satara,Chikungunya,7,,24,8,2018,17.63612885,74.29827808,0.2748658408,5.0,299.46
1782,35th week,Maharashtra,Satara,Chikungunya,7,,28,8,2018,17.63612885,74.29827808,0.1469166093,,302.2
1799,37th week,Tamil Nadu,Sivaganga,Chikungunya,41,,5,9,2018,9.851231,78.53047155,0.1127529269,,307.53000000000003
1800,37th week,Tamil Nadu,Sivaganga,Chikungunya,29,,15,9,2018,9.851231,78.53047155,0.3444830988,7.0,313.375
1808,38th week,Tamil Nadu,Tiruppur,Chikungunya,22,,19,9,2018,11.1017815,77.345192,0.1093620474,4.0,312.02
1828,39th week,Puducherry,Pondicherry,Chikungunya,27,,16,8,2018,11.9340568,79.8306447,0.2792371655,8.0,
1834,40th week,Maharashtra,Pune,Chikungunya,33,,2,10,2018,18.521428,73.8544541,0.3281831846,17.0,304.952
1836,40th week,Maharashtra,Satara,Chikungunya,16,,28,8,2018,17.63612885,74.29827808,0.1469166093,,302.2
1845,41st week,Karnataka,Bagalkot,Chikungunya,20,,6,8,2018,16.1853166,75.6967919,0.123990867,3.0,297.92
1856,42nd week,Karnataka,Bagalkot,Chikungunya,13,,6,8,2018,16.1853166,75.6967919,0.123990867,3.0,297.92
1900,46th week,Karnataka,Kalaburagi,Chikungunya,33,,16,11,2018,17.166667,77.083333,5.29e-05,,312.312
1918,47th week,Maharashtra,Nashik,Chikungunya,30,,29,10,2018,20.0112475,73.7902364,0.002332051973,10.0,308.04400000000004
1926,48th week,Madhya Pradesh,Bhind,Chikungunya,45,,29,10,2018,26.5,78.75,0.0004229298688,7.0,306.30400000000003
1927,49th week,Karnataka,Kalaburagi,Chikungunya,37,,6,12,2018,17.166667,77.083333,0.007915876432,6.0,306.94
1937,50th week,Tamil Nadu,Dharmapuri,Chikungunya,22,,3,12,2018,12.09680475,78.19304301,0.0408257884,,301.35
1943,50th week,Maharashtra,Satara,Chikungunya,7,,31,8,2018,17.63612885,74.29827808,0.2008284717,8.0,299.18
1944,50th week,Puducherry,Puducherry,Chikungunya,32,,29,10,2018,11.9340568,79.8306447,0.02062496327,9.0,302.92
1957,2nd week,Karnataka,Mandya,Chikungunya,20,,13,1,2017,12.5238888,76.8961961,4.41e-05,6.0,304.5066666
1961,2nd week,Karnataka,Shimoga,Chikungunya,26,,31,12,2016,13.9326093,75.574978,0.0001870727494,6.0,306.25333340000003
1962,2nd week,Maharashtra,Latur,Chikungunya,35,,25,11,2016,18.35159075,76.75542361,5.96e-05,8.0,304.816
1971,5th week,Gujarat,Porbandar,Chikungunya,44,,2,2,2017,21.6409,69.611,4.44e-05,,306.78400000000005
1972,5th week,Karnataka,Chamarajanagar,Chikungunya,46,,31,1,2017,11.9346006,76.9328209,0.3232436796,17.0,306.6066666
1973,5th week,Karnataka,Tumkur,Chikungunya,25,,27,1,2017,13.3400771,77.1006208,0.1186286328,5.0,306.5
1985,7th week,Karnataka,Tumkur,Chikungunya,35,,11,2,2017,13.3400771,77.1006208,3.36e-05,6.0,309.216
1986,7th week,Karnataka,Yadgiri,Chikungunya,10,,16,2,2017,16.7469536,77.1327594,4.43e-05,7.0,308.056
2009,11th week,Andhra Pradesh,Kadapa,Chikungunya,32,,18,3,2017,14.4752936,78.8216861,0.01313335307,7.0,312.212
2011,12th week,Gujarat,Mahesana,Chikungunya,18,,23,3,2017,23.6015557,72.3867981,5.77e-05,7.0,310.69
2028,13th week,Gujarat,Junagarh,Chikungunya,22,,20,3,2017,21.25,70.333333,0.0001316036471,5.0,314.568
2040,15th week,Karnataka,Hassan,Chikungunya,25,,13,4,2017,13.0070817,76.0992703,0.003641963798,7.0,309.508
2045,15th week,Gujarat,Junagadh,Chikungunya,60,,4,4,2017,21.5174104,70.4642754,9.09e-05,5.0,320.184
2073,18th week,Karnataka,Mandya,Dengue And Chikungunya,15,,25,4,2017,12.5238888,76.8961961,0.1119295581,8.0,306.04400000000004
2076,19th week,Karnataka,Hassan,Chikungunya,35,,9,5,2017,13.0070817,76.0992703,0.170913066,,311.504
2125,22nd week,Gujarat,Junagadh,Chikungunya,13,,1,6,2017,21.5174104,70.4642754,0.02067987628,,314.112
2129,22nd week,Karnataka,Tumkur,Chikungunya,39,,27,5,2017,13.3400771,77.1006208,0.2094716422,8.0,305.86
2147,23rd week,Karnataka,Haveri,Suspected Chikungunya,31,,3,6,2017,14.7874825,75.3996731,0.5294294941,9.0,305.5466666
2164,24th week,Karnataka,Tumkur,Chikungunya,13,,6,6,2017,13.3400771,77.1006208,0.3428974063,7.0,309.3533334
2165,24th week,Maharashtra,Satara,Chikungunya,32,,5,6,2017,17.63612885,74.29827808,0.2490499253,4.0,313.04
2184,25th week,Karnataka,Tumkur,Chikungunya,73,,1,6,2017,13.3400771,77.1006208,0.1433637805,,304.2933334
2187,25th week,Karnataka,Kalaburagi,Dengue And Chikungunya,35,,17,6,2017,17.166667,77.083333,1.934014285,,
2188,25th week,Maharashtra,Satara,Chikungunya,52,,19,6,2017,17.63612885,74.29827808,0.5763513157,5.0,306.26
2194,26th week,Karnataka,Tumkur,Dengue And Chikungunya,30,,23,6,2017,13.3400771,77.1006208,0.2539992495,5.0,300.90000000000003
2214,27th week,Karnataka,Ramanagara,Chikungunya,19,,3,7,2017,12.7252766,77.2804797,0.1435092355,,304.58
2215,27th week,Maharashtra,Satara,Chikungunya,53,,3,7,2017,17.63612885,74.29827808,0.1410514712,,306.27
2230,28th week,Karnataka,Bangalore Rural,Suspected Chikungunya,13,,12,7,2017,13.0010872,77.3361225,0.2667103882,,
2252,29th week,Karnataka,Hassan,Chikungunya,15,,17,7,2017,13.0070817,76.0992703,0.4464811026,4.0,307.38
2277,30th week,Karnataka,Ramanagara,Chikungunya,34,,20,7,2017,12.7252766,77.2804797,0.4955581068,,303.8266666
2298,31st week,Karnataka,Chikkaballapura,Chikungunya,62,,27,7,2017,13.4358702,77.7312434,0.0318631655,,307.732
2311,31st week,Karnataka,Bijapur,Chikungunya,18,,26,7,2017,16.8269911,75.7175387,0.06490278469,3.0,303.74
2326,32nd week,Tamil Nadu,Thoothukudi,Chikungunya,29,,6,8,2017,8.8052602,78.1452745,0.09788972959,3.0,316.4866666
2345,33rd week,Karnataka,Vijayapura,Chikungunya,20,,14,8,2017,16.666667,75.916667,0.3364169723,3.0,309.05
2346,33rd week,Karnataka,Tumkur,Chikungunya,48,,18,8,2017,13.3400771,77.1006208,0.2142071876,4.0,
2348,33rd week,Meghalaya,West Garo Hills,Chikungunya,33,,22,6,2017,25.60631425,90.21139055,1.142944984,25.0,297.87
2350,33rd week,Maharashtra,Nagpur,Chikungunya,38,,18,8,2017,21.1498134,79.0820556,0.1205257228,10.0,
2352,33rd week,Madhya Pradesh,Khandwa,Chikungunya,65,,14,8,2017,21.9778642,76.56882823,0.1238963,11.0,
2356,33rd week,Tamil Nadu,Madurai,Chikungunya,72,,16,8,2017,9.9261153,78.1140983,0.3622124981,6.0,
2373,34th week,Karnataka,Tumkur,Chikungunya,25,,23,8,2017,13.3400771,77.1006208,0.3104545478,4.0,301.90000000000003
2378,34th week,Karnataka,Tumkur,Chikungunya,34,,24,7,2017,13.3400771,77.1006208,0.1679182584,5.0,304.12
2393,35th week,Madhya Pradesh,Khandwa,Chikungunya,45,,29,8,2017,21.9778642,76.56882823,0.756473563,,
2394,35th week,Madhya Pradesh,Khargone,Chikungunya,41,,25,8,2017,21.825599,75.614182,0.6359981043,8.0,298.2
2401,35th week,Karnataka,Tumkur,Dengue And Chikungunya,15,,23,8,2017,13.3400771,77.1006208,0.3104545478,4.0,301.90000000000003
2419,36th week,Karnataka,Tumkur,Dengue And Chikungunya,32,,17,8,2017,13.3400771,77.1006208,0.4341899025,4.0,
2432,37th week,Karnataka,Mandya,Dengue And Chikungunya,111,,12,9,2017,12.5238888,76.8961961,0.5440129053,11.0,302.18
2433,37th week,Karnataka,Raichur,Chikungunya,11,,13,9,2017,16.083333,77.166667,0.34379597,,303.42
2434,37th week,Karnataka,Shimoga,Dengue And Chikungunya,18,,11,9,2017,13.9326093,75.574978,0.8462083696,17.0,299.5666666
2435,37th week,Karnataka,Tumkur,Chikungunya,10,,8,9,2017,13.3400771,77.1006208,0.6875628286,8.0,302.42
2436,37th week,Karnataka,Tumkur,Chikungunya,22,,5,9,2017,13.3400771,77.1006208,0.2265009792,,307.41
2438,37th week,Madhya Pradesh,Khandwa,Chikungunya,27,,16,9,2017,21.9778642,76.56882823,1.010341305,17.0,304.90000000000003
2452,38th week,Maharashtra,Ahmednagar,Chikungunya,28,,17,9,2017,19.1627725,74.8580243,0.832104287,6.0,297.44
2459,38th week,West Bengal,Malda,Dengue And Chikungunya,493,,9,7,2017,25.0057449,88.1398483,1.295882154,4.0,
2466,39th week,Maharashtra,Beed,Dengue And Chikungunya,25,,25,9,2017,18.9918442,75.909784,0.9274560611,18.0,300.5466666
2473,39th week,Maharashtra,Pune,Chikungunya,128,,12,6,2017,18.521428,73.8544541,0.471897797,6.0,310.84000000000003
2474,39th week,Maharashtra,Pune,Chikungunya,10,,4,9,2017,18.521428,73.8544541,0.8376791424,13.0,296.48
2483,40th week,Madhya Pradesh,Khargone,Chikungunya,32,,2,10,2017,21.825599,75.614182,0.006299255176,20.0,304.676
2488,40th week,Madhya Pradesh,Barwani,Chikungunya,126,,18,9,2017,22.0333621,74.8978374,1.206248664,12.0,302.81
2496,41st week,Karnataka,Chikkaballapura,Chikungunya,36,,9,10,2017,13.4358702,77.7312434,0.6298140204,15.0,298.28000000000003
2508,41st week,Karnataka,Tumkur,Dengue And Chikungunya,31,,2,10,2017,13.3400771,77.1006208,1.146909927,8.0,
2517,42nd week,Madhya Pradesh,Burhanpur,Chikungunya,41,,12,10,2017,21.3118839,76.2291992,0.931320166,14.0,307.72
2525,42nd week,Maharashtra,Satara,Chikungunya,16,,14,9,2017,17.63612885,74.29827808,0.5687542663,,302.16
2528,42nd week,West Bengal,Malda,Dengue And Chikungunya,735,,9,7,2017,25.0057449,88.1398483,1.295882154,4.0,
2533,43rd week,Karnataka,Chitradurga,Dengue And Chikungunya,29,,25,10,2017,14.2266443,76.4005122,0.007614924707,14.0,302.028
2537,43rd week,Madhya Pradesh,Khargone,Chikungunya,48,,23,10,2017,21.825599,75.614182,0.002046705862,,305.2266666
2539,43rd week,Madhya Pradesh,Sehore,Chikungunya,121,,21,10,2017,23.1156882,77.06623939,0.01580407232,10.0,309.1966666
2540,43rd week,Madhya Pradesh,Sehore,Chikungunya,125,,23,10,2017,23.1156882,77.06623939,0.02205528802,,308.3666666
2551,44th week,Karnataka,Chikkaballapur,Suspected Chikungunya,10,,26,10,2017,13.6102243,77.5127721,0.01043083872,14.0,302.16400000000004
2558,44th week,Gujarat,Morbi,Chikungunya,19,,10,10,2017,22.8176662,70.8345928,7.82e-05,9.0,309.9566666
2576,46th week,Madhya Pradesh,Khargone,Chikungunya,47,,11,11,2017,21.825599,75.614182,6.83e-05,10.0,306.55666659999997
2579,46th week,Maharashtra,Beed,Chikungunya,21,,17,11,2017,18.9918442,75.909784,3.38e-05,,304.204
2580,46th week,Maharashtra,Jalgaon,Chikungunya,40,,9,11,2017,20.84288265,75.52612464,7.7e-05,,306.57
2581,46th week,Tamil Nadu,Perambalur,Chikungunya,4,,16,11,2017,11.2287716,78.81825555,0.3540646967,,303.48
2594,47th week,Jharkhand,East Singhbhum,Chikungunya,9,,11,8,2017,22.8092139,86.2091549,0.5099295932,6.0,300.2
2596,47th week,Maharashtra,Jalgaon,Suspected Dengue And Chikungunya,49,1.0,10,11,2017,20.84288265,75.52612464,8.34e-05,11.0,306.5933334
2598,47th week,Maharashtra,Nashik,Chikungunya,60,,13,11,2017,20.0112475,73.7902364,3e-05,9.0,304.86
2601,47th week,Maharashtra,Sangli,Chikungunya,17,,26,10,2017,17.1726928,74.58676543,0.03600951433,17.0,303.24
2603,47th week,Maharashtra,Satara,Chikungunya,10,,20,10,2017,17.63612885,74.29827808,0.3151596142,12.0,302.565
2613,49th week,Tamil Nadu,Salem,Chikungunya,25,,12,8,2017,11.0600516,77.0679581,0.7634166473,,310.64
2617,50th week,Maharashtra,Sangli,Chikungunya,10,,8,12,2017,17.1726928,74.58676543,0.0593054895,8.0,300.35
2619,50th week,Maharashtra,Sangli,Chikungunya,28,,23,11,2017,17.1726928,74.58676543,0.12189547,9.0,304.40000000000003
2620,50th week,Maharashtra,Sangli,Chikungunya,15,,27,11,2017,17.1726928,74.58676543,0.08305262303,10.0,304.665
2624,51st week,Maharashtra,Nandurbar,Chikungunya,13,,14,12,2017,21.51450155,74.54070115,0.01750649204,7.0,303.536
2628,51st week,Maharashtra,Jalna,Chikungunya,11,,2,12,2017,19.91883295,75.87085986,6.09e-05,,304.2833334
2634,52nd week,Maharashtra,Sangli,Chikungunya,13,,13,12,2017,17.1726928,74.58676543,0.03241415186,9.0,304.84000000000003
2635,52nd week,Telangana,Mahaboobnagar,Chikungunya,39,,17,8,2017,17.720535,79.627202,0.3855423934,13.0,304.48
2676,6th week,Karnataka,Gadag,Chikungunya,21,,6,2,2016,15.4206667,75.6225644,7.64e-05,4.0,314.00333340000003
2691,7th week,Karnataka,Gadag,Chikungunya,21,,6,2,2016,15.4206667,75.6225644,7.64e-05,4.0,314.00333340000003
2695,7th week,West Bengal,Purba Medinipur,Chikungunya,27,,1,2,2016,22.06217445,87.83672383,0.04543780319,,298.51
2701,9th week,Tamil Nadu,Trichy,Chikungunya,13,,26,2,2016,10.7992254,78.6811423,0.002555762427,,
2754,14th week,Rajasthan,Ajmer,Dengue And Chikungunya,105,,5,4,2016,26.4691,74.639,0.0001033584209,,313.824
2762,14th week,Karnataka,Vijayapur,Chikungunya,111,,19,3,2016,16.8054103,75.7179353,0.000362070282,3.0,319.608
2763,14th week,Karnataka,Vijayapur,Chikungunya,28,,25,3,2016,16.8054103,75.7179353,8.03e-05,3.0,321.0933334
2780,16th week,Maharashtra,Satara,Chikungunya,7,,4,4,2016,17.63612885,74.29827808,4.28e-05,3.0,319.0966666
2785,17th week,Karnataka,Dharwad,Chikungunya,16,,25,4,2016,15.4540505,75.0066516,0.005574403724,4.0,322.0
2830,19th week,Karnataka,Hassan,Chikungunya,23,,9,5,2016,13.0070817,76.0992703,0.3003737214,7.0,311.572
2913,22nd week,Karnataka,Bangalore Rural,Chikungunya,19,,29,5,2016,13.0010872,77.3361225,0.08964089824,9.0,308.035
2942,22nd week,Maharashtra,Raigad,Chikungunya,9,,4,5,2016,18.4928092,73.13807095,0.001138335289,9.0,316.05
2977,23rd week,Maharashtra,Pune,Chikungunya,137,,20,5,2016,18.521428,73.8544541,0.05586967941,5.0,310.3266666
2978,23rd week,Maharashtra,Pune,Chikungunya,24,,19,4,2016,18.521428,73.8544541,0.0003524811073,5.0,321.19333340000003
2979,23rd week,Maharashtra,Pune,Chikungunya,24,,4,4,2016,18.521428,73.8544541,0.000185409968,5.0,317.3333334
3012,24th week,Karnataka,Tumkur,Chikungunya,19,,6,6,2016,13.3400771,77.1006208,0.7385043557,6.0,305.86
3028,25th week,Karnataka,Gadag,Chikungunya,20,,20,6,2016,15.4206667,75.6225644,0.4462376606,2.0,310.235
3081,26th week,Karnataka,Mandya,Chikungunya,31,,6,6,2016,12.5238888,76.8961961,0.6239831535,6.0,305.12
3113,27th week,Karnataka,Tumkur,Chikungunya,71,,1,5,2016,13.3400771,77.1006208,7.24e-05,7.0,316.904
3130,28th week,Karnataka,Bagalkot,Chikungunya,11,,16,7,2016,16.1853166,75.6967919,0.2048601581,3.0,305.63
3303,31st week,Maharashtra,Ahmednagar,Chikungunya,15,,24,7,2016,19.1627725,74.8580243,0.3859026242,6.0,303.22
3384,34th week,Karnataka,Chikkaballapura,Chikungunya,28,,18,8,2016,13.4358702,77.7312434,0.09883120074,8.0,302.13
3386,34th week,Karnataka,Ramanagara,Chikungunya,43,,19,8,2016,12.7252766,77.2804797,0.1357866091,,297.94
3388,34th week,Karnataka,Tumkur,Chikungunya,30,,17,8,2016,13.3400771,77.1006208,0.1366665503,7.0,301.295
3432,35th week,Maharashtra,Ahmednagar,Chikungunya,20,,30,8,2016,19.1627725,74.8580243,0.2722894604,8.0,303.59000000000003
3433,35th week,Maharashtra,Ahmednagar,Chikungunya,182,,26,8,2016,19.1627725,74.8580243,0.1393667995,8.0,305.16
3445,35th week,Karnataka,Tumkur,Chikungunya,17,,22,7,2016,13.3400771,77.1006208,0.6348600313,6.0,
3449,35th week,Rajasthan,Alwar,Dengue And Chikungunya,115,,24,8,2016,27.5,76.5,0.4360500959,13.0,299.38
3450,35th week,Rajasthan,Alwar,Chikungunya,220,,24,8,2016,27.5,76.5,0.4360500959,13.0,299.38
3468,36th week,Maharashtra,Washim,Chikungunya,23,1.0,9,9,2016,20.28741775,77.2369655,0.05554069873,19.0,298.0
3469,36th week,Rajasthan,Alwar,Chikungunya,122,,5,9,2016,27.5,76.5,0.5693385276,,300.985
3484,36th week,Karnataka,Tumkur,Dengue And Chikungunya,23,,13,7,2016,13.3400771,77.1006208,0.1453084658,6.0,
3504,37th week,Karnataka,Chikkaballapur,Chikungunya,12,,2,9,2016,13.6102243,77.5127721,0.2220396834,4.0,
3505,37th week,Karnataka,Chikkaballapur,Dengue And Chikungunya,23,,4,9,2016,13.6102243,77.5127721,0.2158666851,,
3525,38th week,Karnataka,Tumkur,Dengue And Chikungunya,21,,14,9,2016,13.3400771,77.1006208,0.04835687004,8.0,305.53000000000003
3527,38th week,Maharashtra,Beed,Chikungunya,5,1.0,14,9,2016,18.9918442,75.909784,0.05662716945,3.0,305.02
3547,39th week,Karnataka,Tumkur,Chikungunya,14,,23,9,2016,13.3400771,77.1006208,0.1411812851,3.0,305.63
3558,39th week,Bihar,Nalanda,Dengue And Chikungunya,168,,27,8,2016,25.1364914,85.44365465,0.2737181449,,303.48
3570,39th week,Uttar Pradesh,Budaun,Chikungunya,11,,15,9,2016,28.06831165,79.04607312,0.05554498863,15.0,304.01
3596,40th week,Assam,Kamrup,Chikungunya,33,,20,8,2016,26.12755515,91.29987148,0.4937968531,,301.4533334
3610,40th week,Telangana,Mahaboobnagar,Chikungunya,26,,18,4,2016,17.720535,79.627202,0.004185301086,5.0,318.628
3627,41st week,Maharashtra,Ahmednagar,Chikungunya,32,,27,9,2016,19.1627725,74.8580243,0.7285040934,12.0,301.7
3637,42nd week,Gujarat,Navsari,Chikungunya,42,,23,10,2016,20.952407,72.9323831,1.58e-05,,305.5066666
3655,43rd week,Gujarat,Mahesana,Chikungunya,27,,27,10,2016,23.6015557,72.3867981,2.73e-05,11.0,306.86333340000004
3658,43rd week,Rajasthan,Ganganagar,Chikungunya,15,,28,10,2016,29.9049489,73.87929341,3.58e-05,5.0,307.15000000000003
3668,44th week,Gujarat,Mahesana,Chikungunya,12,,2,11,2016,23.6015557,72.3867981,9.91e-05,10.0,307.83
3675,44th week,Assam,Kamrup,Chikungunya,33,,24,10,2016,26.12755515,91.29987148,0.00218317406,19.0,301.76
3681,45th week,Karnataka,Davangere,Dengue And Chikungunya,50,,8,11,2016,14.4679807,75.9195682,0.007279225087,,307.856
3683,45th week,Karnataka,Vijayapur,Chikungunya,10,,6,11,2016,16.8054103,75.7179353,0.0123252014,10.0,307.96
3685,45th week,Madhya Pradesh,Barwani,Chikungunya,25,,4,11,2016,22.0333621,74.8978374,8.94e-05,9.0,307.3166666
3686,45th week,Madhya Pradesh,Khargone,Chikungunya,25,,4,11,2016,21.825599,75.614182,8.94e-05,12.0,306.44
3719,48th week,Karnataka,Gadag,Chikungunya,7,,30,11,2016,15.4206667,75.6225644,5e-05,5.0,311.3266666
3738,50th week,Maharashtra,Nashik,Chikungunya,9,,7,12,2016,20.0112475,73.7902364,0.0001905990003,9.0,303.612
3739,50th week,Maharashtra,Satara,Chikungunya,11,,30,11,2016,17.63612885,74.29827808,5e-05,6.0,308.952
3749,52nd week,Maharashtra,Nashik,Chikungunya,15,,20,12,2016,20.0112475,73.7902364,0.002168585966,9.0,304.17
3752,1st week,Karnataka,Dharwad,Chikungunya,36,,2,1,2015,15.4540505,75.0066516,0.04006455077,10.5,303.9366666
3772,4th week,Tamil Nadu,Perambalur,Chikungunya,22,,24,1,2015,11.2287716,78.81825555,0.0263399782,,304.19599999999997
3780,5th week,Tamil Nadu,Tiruchirapalli,Chikungunya,13,,25,1,2015,10.8219673,78.6830614,0.04722714527,,304.3
3795,8th week,Maharashtra,Ahmednagar,Chikungunya,13,,9,2,2015,19.1627725,74.8580243,6.18e-05,,305.3
3802,9th week,Maharashtra,Ahmednagar,Chikungunya,13,,9,2,2015,19.1627725,74.8580243,6.18e-05,,305.3
3806,10th week,Tamil Nadu,Sivaganga,Chikungunya,10,,6,3,2015,9.851231,78.53047155,0.07480465741,,310.0866666
3817,12th week,Tamil Nadu,Ramanathapuram,Chikungunya,12,,13,3,2015,9.3895523,78.85907072,,,308.208
3821,13th week,Telangana,Mahabubnagar,Chikungunya,32,,22,3,2015,16.69656855,77.95911462,0.001244400255,,315.052
3837,15th week,Maharashtra,Sangli,Chikungunya,19,,18,3,2015,17.1726928,74.58676543,0.01775389672,7.0,307.7933334
3840,16th week,Karnataka,Raichur,Chikungunya,15,,16,4,2015,16.083333,77.166667,0.3718947415,5.0,307.86
3860,17th week,Karnataka,Shimoga,Chikungunya,38,,3,4,2015,13.9326093,75.574978,0.03375958537,12.0,309.42
3873,19th week,Karnataka,Tumkur,Chikungunya,7,,29,4,2015,13.3400771,77.1006208,0.1861886107,8.0,308.64
3883,19th week,Tamil Nadu,Vellore,Chikungunya,62,,29,4,2015,12.7948109,79.0006411,0.3469043541,11.0,309.53000000000003
3927,22nd week,Karnataka,Chitradurga,Chikungunya,23,,20,5,2015,14.2266443,76.4005122,0.3616282443,7.0,307.005
3952,23rd week,Karnataka,Chikkaballapur,Dengue And Chikungunya,657,,29,4,2015,13.6102243,77.5127721,0.1991597667,6.0,308.2633334
3971,24th week,Tamil Nadu,Salem,Chikungunya,11,,2,6,2015,11.0600516,77.0679581,0.1914351563,,305.81333340000003
3999,25th week,Karnataka,Tumkur,Chikungunya,32,,7,6,2015,13.3400771,77.1006208,0.5717243387,10.0,301.31
4006,26th week,Karnataka,Shimoga,Chikungunya,16,,20,6,2015,13.9326093,75.574978,0.7811891202,4.0,
4025,26th week,Karnataka,Tumkur,Chikungunya,114,,29,4,2015,13.3400771,77.1006208,0.1861886107,8.0,308.64
4036,27th week,Karnataka,Gadag,Chikungunya,30,,3,7,2015,15.4206667,75.6225644,0.1558220431,,306.01
4052,27th week,Tamil Nadu,Vellore,Chikungunya,14,,26,6,2015,12.7948109,79.0006411,0.02032866398,,306.64
4055,27th week,Karnataka,Tumkur,Chikungunya,40,,22,6,2015,13.3400771,77.1006208,0.4437743554,6.0,
4064,28th week,Karnataka,Tumkur,Chikungunya,21,,6,7,2015,13.3400771,77.1006208,0.1264339372,8.0,304.28000000000003
4082,28th week,Tamil Nadu,Vellore,Chikungunya,14,,29,6,2015,12.7948109,79.0006411,0.01143542272,13.0,305.235
4212,33rd week,Karnataka,Chikkaballapura,Dengue And Chikungunya,970,,29,4,2015,13.4358702,77.7312434,0.1991597667,6.0,308.2633334
4217,34th week,Arunachal Pradesh,East Siang,Chikungunya,38,,18,8,2015,28.3,95.15,3.054230503,8.0,298.36
4219,34th week,Dadra and Nagar Haveli,Dadra and Nagar Haveli,Chikungunya,2,,22,8,2015,20.2712521,73.0014588,0.3033070767,15.0,300.2066666
4222,34th week,Karnataka,Kolar,Chikungunya,19,,18,8,2015,13.1367201,78.1337246,0.3524937651,8.0,307.15000000000003
4223,34th week,Karnataka,Tumkur,Chikungunya,18,,14,8,2015,13.3400771,77.1006208,0.3810709887,9.0,304.77
4224,34th week,Karnataka,Gadag,Chikungunya,20,,20,8,2015,15.4206667,75.6225644,0.1755867361,,308.9133334
4248,35th week,Karnataka,Dharwad,Chikungunya,41,,26,8,2015,15.4540505,75.0066516,0.2520707477,4.0,306.7666666
4267,35th week,Karnataka,Kolar,Chikungunya,24,,18,8,2015,13.1367201,78.1337246,0.3524937651,8.0,307.15000000000003
4272,35th week,Tamil Nadu,Dindigul,Dengue And Chikungunya,38,2.0,9,7,2015,10.3303299,78.06739791,0.04472962968,12.0,308.43333340000004
4315,37th week,Tamil Nadu,Thiruvannamalai,Dengue And Chikungunya,28,,8,9,2015,9.539867,77.6197904,0.2862972577,7.0,304.40000000000003
4343,38th week,Karnataka,Tumkur,Dengue And Chikungunya,23,,10,9,2015,13.3400771,77.1006208,0.8993444418,8.0,304.15500000000003
4367,39th week,Karnataka,Chamarajanagar,Chikungunya,21,,21,9,2015,11.9346006,76.9328209,0.1675545916,,307.63
4369,39th week,Karnataka,Ramanagara,Chikungunya,18,,24,9,2015,12.7252766,77.2804797,0.02718189489,15.0,302.085
4389,39th week,Odisha,Ganjam,Chikungunya,56,,12,9,2015,19.4129711,85.04710406,,7.0,302.99
4404,40th week,Karnataka,Tumkur,Chikungunya,15,,24,9,2015,13.3400771,77.1006208,0.04622862118,14.0,302.695
4431,41st week,Tamil Nadu,Thiruvannamalai,Chikungunya,42,,5,10,2015,9.539867,77.6197904,0.4633541367,8.0,310.66
4461,42nd week,Karnataka,Ballari,Chikungunya,66,,2,10,2015,15.2485413,76.8323648,0.1483971941,14.0,305.77
4462,42nd week,Karnataka,Tumkur,Chikungunya,16,,10,9,2015,13.3400771,77.1006208,0.8993444418,8.0,304.15500000000003
4493,44th week,West Bengal,Jalpaiguri,Chikungunya,24,,15,10,2015,26.4733048,88.67886686,0.2229495515,,299.5733334
4502,45th week,Telangana,Medak,Chikungunya,14,,2,11,2015,17.9375095,78.21174499,0.01483482862,9.0,305.185
4506,45th week,Karnataka,Kolar,Chikungunya,38,,26,10,2015,13.1367201,78.1337246,0.0003733410855,12.0,306.632
4512,45th week,West Bengal,Jalpaiguri,Chikungunya,30,,15,10,2015,26.4733048,88.67886686,0.2229495515,,299.5733334
4527,47th week,Rajasthan,Nagaur,Chikungunya,32,,14,11,2015,27.0607859,74.17667538,0.004505655533,3.0,308.3533334
4535,47th week,Madhya Pradesh,Bhind,Chikungunya,49,,7,11,2015,26.5,78.75,0.04554988086,5.0,305.1366666
4562,49th week,Maharashtra,Satara,Chikungunya,12,,9,11,2015,17.63612885,74.29827808,0.000679519318,,310.30666659999997
4576,50th week,Maharashtra,Osmanabad,Chikungunya,18,,20,11,2015,18.16984395,76.11796321,3.69e-05,5.0,309.8533334
4577,50th week,Maharashtra,Satara,Chikungunya,32,,25,11,2015,17.63612885,74.29827808,0.3008209901,,305.42
4585,51st week,Maharashtra,Aurangabad,Chikungunya,30,,11,12,2015,19.877263,75.3390241,5.13e-05,,307.6366666
4600,53rd week,Karnataka,Bidar,Chikungunya,15,,28,12,2015,18.083333,77.333333,0.0001210373101,4.0,308.072
4604,1st week,Maharashtra,Beed,Dengue And Chikungunya,11,,3,1,2014,18.9918442,75.909784,5.14e-05,8.0,302.80333340000004
4629,5th week,Tamil Nadu,Tiruchirappalli,Chikungunya,22,,29,1,2014,10.7992254,78.6811423,0.02187047771,8.0,304.436
4631,6th week,Karnataka,Belgaum,Chikungunya,25,,2,2,2014,15.8572666,74.5069343,8.33e-05,,303.955
4637,7th week,Telangana,Nalgonda,Chikungunya,31,,6,2,2014,16.8579636,79.21749353,0.0001085946434,7.0,303.616
4645,9th week,Tamil Nadu,Dindigul,Chikungunya,17,,26,2,2014,10.3303299,78.06739791,0.0625999871,,308.95
4646,9th week,Tamil Nadu,Ramanathapuram,Chikungunya,15,,22,2,2014,9.3895523,78.85907072,,7.0,307.436
4651,10th week,Tamil Nadu,Ramanathapuram,Chikungunya,11,,5,3,2014,9.3895523,78.85907072,,,306.66
4654,11th week,Maharashtra,Beed,Chikungunya,17,,6,3,2014,18.9918442,75.909784,0.5336716969,,308.764
4658,13th week,Karnataka,Raichur,Chikungunya,20,,26,3,2014,16.083333,77.166667,5.08e-05,8.0,315.58
4665,14th week,Maharashtra,Beed,Chikungunya,15,,21,3,2014,18.9918442,75.909784,0.001515266469,,311.6
4671,16th week,Karnataka,Bijapur,Chikungunya,10,,19,4,2014,16.8269911,75.7175387,0.112154878,4.0,319.716
4680,17th week,Madhya Pradesh,Khargone,Chikungunya,35,,25,4,2014,21.825599,75.614182,0.01632683527,4.0,318.81333340000003
4685,18th week,Maharashtra,Ahmednagar,Chikungunya,29,,19,4,2014,19.1627725,74.8580243,0.02396821079,5.0,320.272
4697,20th week,Karnataka,Tumkur,Chikungunya,22,,13,5,2014,13.3400771,77.1006208,0.6173676191,8.0,309.8
4712,21st week,Maharashtra,Beed,Dengue And Chikungunya,22,,26,5,2014,18.9918442,75.909784,0.005309126284,3.0,317.54
4718,22nd week,Karnataka,Chamrajnagar,Chikungunya,14,,30,5,2014,11.9269937,76.9424311,0.3599561886,12.0,306.355
4722,22nd week,Karnataka,Chitradurga,Chikungunya,13,,19,5,2014,14.2266443,76.4005122,0.05775833983,6.0,312.60400000000004
4733,23rd week,Karnataka,Chamarajanagar,Chikungunya,28,,1,6,2014,11.9346006,76.9328209,0.2795103905,,304.72400000000005
4735,23rd week,Karnataka,Ramanagar,Chikungunya,19,,1,6,2014,16.811241,75.7114214,0.09214621759,,311.64
4742,23rd week,Tamil Nadu,Tiruchirappalli,Chikungunya,37,,6,6,2014,10.7992254,78.6811423,0.1879498449,9.0,309.87
4748,23rd week,Karnataka,Davangere,Chikungunya,30,,24,5,2014,14.4679807,75.9195682,0.1826725433,,309.345
4751,23rd week,Maharashtra,Ahmednagar,Chikungunya,14,,20,5,2014,19.1627725,74.8580243,0.01783203463,4.0,317.86400000000003
4757,23rd week,Madhya Pradesh,Sehore,Chikungunya,60,,22,5,2014,23.1156882,77.06623939,0.001122450004,5.0,319.1666666
4766,24th week,Maharashtra,Sangli,Chikungunya,32,,11,6,2014,17.1726928,74.58676543,0.2193411965,8.0,307.445
4774,25th week,Telangana,Mahabubnagar,Chikungunya,28,,14,6,2014,16.69656855,77.95911462,0.06572753159,4.0,315.5
4782,25th week,Tamil Nadu,Theni,Chikungunya,66,,11,6,2014,9.9696643,77.47420049,0.07469071328,7.0,312.1533334
4791,26th week,Karnataka,Mysore,Chikungunya,15,,23,6,2014,12.3051828,76.6553609,0.1786120892,7.0,
4792,26th week,Karnataka,Tumkur,Chikungunya,20,,20,6,2014,13.3400771,77.1006208,0.11897384,6.0,303.5733334
4805,26th week,Karnataka,Tumkur,Chikungunya,25,,16,6,2014,13.3400771,77.1006208,0.182194408,7.0,303.75333340000003
4817,27th week,Tamil Nadu,Tiruchirappalli,Chikungunya,19,,2,7,2014,10.7992254,78.6811423,0.1672357026,6.0,314.40000000000003
4818,27th week,Tamil Nadu,Virudhunagar,Chikungunya,15,,3,7,2014,9.5208936,77.8784564,0.08271113376,,318.14
4833,28th week,Karnataka,Koppal,Chikungunya,24,,9,7,2014,15.3484144,76.1547421,0.7893956956,3.0,302.16
4890,30th week,Karnataka,Mysore,Chikungunya,66,,12,7,2014,12.3051828,76.6553609,1.221592079,,
4892,30th week,Karnataka,Tumkur,Chikungunya,40,,9,7,2014,13.3400771,77.1006208,0.6937978379,4.0,307.78000000000003
4894,30th week,Maharashtra,Sangli,Chikungunya,26,,8,7,2014,17.1726928,74.58676543,0.2346251609,6.0,310.2
4917,31st week,Madhya Pradesh,Sehore,Chikungunya,41,,31,7,2014,23.1156882,77.06623939,0.7541823366,1.0,283.96
4934,32nd week,Tamil Nadu,Kancheepuram,Chikungunya,27,,7,8,2014,12.87960515,79.70427615,0.07119123644,8.0,
4937,32nd week,Tamil Nadu,Thiruvannamalai,Chikungunya,10,,9,8,2014,9.539867,77.6197904,0.1517497553,4.0,317.54
4957,33rd week,Maharashtra,Beed,Dengue And Chikungunya,15,,7,8,2014,18.9918442,75.909784,0.4126096825,5.0,308.84000000000003
4966,34th week,Andhra Pradesh,Visakhapatnam,Chikungunya,23,,19,8,2014,17.7222517,83.32670984,0.2358781122,17.0,305.24666659999997
4975,34th week,Kerala,Ernakulam,Chikungunya,32,,14,8,2014,9.98408,76.2741457,1.421237601,22.0,
4978,34th week,Maharashtra,Beed,Dengue And Chikungunya,16,,20,8,2014,18.9918442,75.909784,0.09951971271,,311.08
4999,35th week,Karnataka,Kolar,Dengue And Chikungunya,48,1.0,20,8,2014,13.1367201,78.1337246,0.4409721508,,309.82
5032,36th week,Madhya Pradesh,Sehore,Chikungunya,48,,4,9,2014,23.1156882,77.06623939,1.320522651,13.0,301.0
5056,37th week,Tamil Nadu,Villupuram,Dengue And Chikungunya,26,1.0,8,9,2014,11.9415377,79.4861469,0.17582794,9.0,307.74
5058,37th week,Tamil Nadu,Pudukottai,Chikungunya,17,,12,9,2014,10.3826515,78.8191259,0.02296332081,9.0,312.9466666
5071,38th week,Karnataka,Ballari,Chikungunya,28,,18,9,2014,15.2485413,76.8323648,0.07066134202,10.0,301.9266666
5072,38th week,Madhya Pradesh,Sehore,Chikungunya,58,,13,9,2014,23.1156882,77.06623939,0.637046062,,
5076,38th week,Tamil Nadu,Pudukkottai,Chikungunya,18,,16,9,2014,10.5,78.833333,0.05216851253,9.0,312.30666659999997
5094,39th week,Tamil Nadu,Thiruvannamalai,Chikungunya,11,,19,9,2014,9.539867,77.6197904,0.09246116795,5.0,315.5333334
5095,39th week,Tamil Nadu,Virudhunagar,Chikungunya,18,,24,9,2014,9.5208936,77.8784564,0.07242752053,6.0,315.04
5096,39th week,Tamil Nadu,Thanjavur,Chikungunya,28,,26,9,2014,10.7860267,79.1381497,0.2006695863,7.0,307.11
5113,40th week,Karnataka,Dharwad,Chikungunya,23,,29,9,2014,15.4540505,75.0066516,0.5149593121,,306.145
5115,40th week,Maharashtra,Beed,Dengue And Chikungunya,52,,25,9,2014,18.9918442,75.909784,0.02988111854,14.0,307.3266666
5126,40th week,Karnataka,Ballari,Chikungunya,83,,15,9,2014,15.2485413,76.8323648,0.04296357241,10.0,302.74
5133,41st week,Tamil Nadu,Kancheepuram,Dengue And Chikungunya,16,,10,10,2014,12.87960515,79.70427615,0.736985229,12.0,304.685
5134,41st week,Maharashtra,Nagpur,Chikungunya,15,1.0,21,9,2014,21.1498134,79.0820556,0.04046361516,,303.068
5146,42nd week,Tamil Nadu,Madurai,Chikungunya,22,,11,10,2014,9.9261153,78.1140983,0.4587254372,8.0,309.7366666
5150,42nd week,Karnataka,Kolar,Chikungunya,36,,25,9,2014,13.1367201,78.1337246,0.3073141933,8.0,307.76
5168,44th week,Tamil Nadu,Thanjavur,Chikungunya,86,,30,10,2014,10.7860267,79.1381497,0.4247855229,8.0,302.4066666
5171,44th week,Karnataka,Chikkaballapur,Chikungunya,69,,15,10,2014,13.6102243,77.5127721,0.3633717724,,304.12
5189,45th week,Maharashtra,Dhule,Chikungunya,44,,3,11,2014,21.13170235,74.48990147,3.05e-05,8.0,309.808
5206,46th week,Tamil Nadu,Tiruvannamalai,Chikungunya,16,,8,11,2014,12.22721295,79.07015555,0.1103597661,,297.916
5213,47th week,Karnataka,Dharwad,Chikungunya,23,,17,11,2014,15.4540505,75.0066516,0.8630947118,,304.21
5214,47th week,Karnataka,Dharwad,Chikungunya,16,,20,11,2014,15.4540505,75.0066516,0.7838241008,14.0,304.11
5218,47th week,Tamil Nadu,Erode,Chikungunya,7,,8,11,2014,11.3692044,77.67662687,0.07031989907,,297.41
5221,47th week,Madhya Pradesh,Sehore,Chikungunya,140,1.0,5,10,2014,23.1156882,77.06623939,0.02578705988,15.0,308.33
5233,49th week,Karnataka,Gadag,Chikungunya,39,,2,12,2014,15.4206667,75.6225644,0.001510933783,,305.94
5234,49th week,Madhya Pradesh,Khandwa,Chikungunya,35,,4,12,2014,21.9778642,76.56882823,2.71e-05,6.0,306.53000000000003
5237,49th week,Madhya Pradesh,Sehore,Chikungunya,50,,4,12,2014,23.1156882,77.06623939,2.71e-05,7.0,305.09000000000003
5239,49th week,Tamil Nadu,Virudhunagar,Dengue And Chikungunya,24,,4,12,2014,9.5208936,77.8784564,0.5706834957,15.0,298.3866666
5253,50th week,Karnataka,Dharwad,Chikungunya,13,,12,9,2014,15.4540505,75.0066516,0.2682410499,9.0,304.212
5264,52nd week,Tamil Nadu,Sivaganga,Dengue And Chikungunya,25,,25,12,2014,9.851231,78.53047155,0.06946399162,5.0,297.7733334
5273,1st week,Tamil Nadu,Dindigul,Chikungunya,17,,4,11,2012,10.3303299,78.06739791,0.06692680828,16.0,304.05
5280,3rd week,Tamil Nadu,Kancheepuram,Chikungunya,17,,16,1,2013,12.87960515,79.70427615,0.0001887218324,,302.4666666
5282,3rd week,Tamil Nadu,Tirunelveli,Chikungunya,45,,16,1,2013,8.7284271,77.7112925,0.002963815897,,302.39
5283,3rd week,Telangana,Mahabubnagar,Chikungunya,31,,9,1,2013,16.69656855,77.95911462,0.0009094189528,,307.736
5287,4th week,Tamil Nadu,Tirunelveli,Chikungunya,51,,13,1,2013,8.7284271,77.7112925,0.2726167614,15.0,301.425
5290,5th week,Karnataka,Tumkur,Chikungunya,76,,24,1,2013,13.3400771,77.1006208,4.38e-05,,306.8
5292,5th week,Karnataka,Tumkur,Chikungunya,26,,8,1,2013,13.3400771,77.1006208,7.81e-05,,307.616
5296,6th week,Tamil Nadu,Dindigul,Chikungunya,24,,7,2,2013,10.3303299,78.06739791,0.02577595032,9.0,308.1733334
5301,7th week,Tamil Nadu,Karur,Chikungunya,48,,11,2,2013,10.9301522,78.08485455,0.006638077823,5.0,310.565
5303,7th week,Tamil Nadu,Tirunelveli,Chikungunya,28,,5,2,2013,8.7284271,77.7112925,0.004292547772,15.0,305.068
5309,8th week,Tamil Nadu,Dindigul,Chikungunya,52,,7,2,2013,10.3303299,78.06739791,0.02577595032,9.0,308.1733334
5310,8th week,Tamil Nadu,Dindigul,Chikungunya,21,,31,1,2013,10.3303299,78.06739791,0.0002848368054,9.0,306.55666659999997
5311,8th week,Tamil Nadu,Karur,Chikungunya,27,,16,1,2013,10.9301522,78.08485455,8.73e-05,,307.25
5312,8th week,Tamil Nadu,Karur,Chikungunya,128,,30,1,2013,10.9301522,78.08485455,0.0001513654507,6.0,309.86
5319,10th week,Tamil Nadu,Virudhunagar,Chikungunya,29,,5,3,2013,9.5208936,77.8784564,0.0001981041995,,313.992
5321,11th week,Andhra Pradesh,Chittoor,Chikungunya,12,,15,3,2013,13.1601048,79.15555062,0.0001769088606,10.0,308.26
5322,11th week,Andhra Pradesh,Prakasam,Chikungunya,27,,11,3,2013,15.6589741,79.47164373,0.01582499826,7.0,311.6
5331,11th week,Karnataka,Tumkur,Chikungunya,27,,2,3,2013,13.3400771,77.1006208,3.82e-05,6.0,312.892
5345,13th week,Karnataka,Gadag,Chikungunya,17,,25,3,2013,15.4206667,75.6225644,4.54e-05,4.0,318.968
5349,13th week,Tamil Nadu,Ramanathapuram,Chikungunya,10,,25,3,2013,9.3895523,78.85907072,,9.0,310.08
5350,13th week,Tamil Nadu,Tiruchirappalli,Chikungunya,16,,30,3,2013,10.7992254,78.6811423,0.02763373048,,314.192
5352,14th week,Telangana,Mahabubnagar,Chikungunya,23,,1,4,2013,16.69656855,77.95911462,0.001384817909,5.0,318.296
5354,14th week,Gujarat,Kheda,Chikungunya,61,,3,4,2013,22.75,72.833333,5.57e-05,5.0,313.8
5355,14th week,Gujarat,Mehsana,Chikungunya,73,,3,4,2013,23.6015557,72.3867981,5.57e-05,6.0,313.43
5360,14th week,Tamil Nadu,Vellore,Chikungunya,24,,7,3,2013,12.7948109,79.0006411,0.06182826599,9.0,308.57
5361,14th week,Tamil Nadu,Tiruchirappalli,Chikungunya,11,,28,3,2013,10.7992254,78.6811423,0.01754858152,7.0,315.628
5362,15th week,Telangana,Mahabubnagar,Chikungunya,18,,8,4,2013,16.69656855,77.95911462,0.001139977849,5.0,317.98400000000004
5383,16th week,Karnataka,Gulbarga,Chikungunya,15,,15,4,2013,17.166667,77.083333,0.02061508514,,320.9033334
5402,18th week,Telangana,Mahabubnagar,Chikungunya,37,,1,5,2013,16.69656855,77.95911462,0.1126142587,,317.66400000000004
5415,18th week,Karnataka,Tumkur,Chikungunya,15,,15,4,2013,13.3400771,77.1006208,0.001975415907,,315.47200000000004
5416,18th week,Karnataka,Tumkur,Chikungunya,10,,15,4,2013,13.3400771,77.1006208,0.001975415907,,315.47200000000004
5450,20th week,Karnataka,Tumkur,Chikungunya,25,,27,4,2013,13.3400771,77.1006208,0.102663533,6.0,315.59000000000003
5513,23rd week,Karnataka,Shimoga,Chikungunya,22,,21,5,2013,13.9326093,75.574978,0.13438809,10.0,306.69599999999997
5515,23rd week,Karnataka,Belgaum,Chikungunya,70,,30,5,2013,15.8572666,74.5069343,0.2690983977,7.0,311.46
5580,26th week,Karnataka,Ballari,Chikungunya,36,,16,6,2013,15.2485413,76.8323648,0.2550693781,3.0,
5617,27th week,Karnataka,Tumkur,Chikungunya,31,,10,6,2013,13.3400771,77.1006208,0.4023775696,,
5618,27th week,Tamil Nadu,Vellore,Chikungunya,82,,20,6,2013,12.7948109,79.0006411,0.04334662083,9.0,307.72
5650,28th week,Telangana,Nizamabad,Chikungunya,45,,29,6,2013,18.75,78.25,1.026627347,5.0,
5670,29th week,Maharashtra,Raigad,Dengue And Chikungunya,20,,14,7,2013,18.4928092,73.13807095,2.966433885,3.0,300.0
5671,29th week,Maharashtra,Osmanabad,Chikungunya,30,,15,7,2013,18.16984395,76.11796321,1.047265867,3.0,302.54
5705,30th week,Tamil Nadu,Tiruvarur,Chikungunya,53,,23,7,2013,10.7760127,79.6199369,0.09663766654,6.0,297.84000000000003
5716,30th week,Karnataka,Tumkur,Chikungunya,15,,15,7,2013,13.3400771,77.1006208,0.4911328847,3.0,305.16
5738,31st week,Tamil Nadu,Vellore,Chikungunya,45,,25,7,2013,12.7948109,79.0006411,0.2010350256,5.0,308.54
5768,32nd week,Tamil Nadu,Tiruvannamalai,Chikungunya,13,,5,8,2013,12.22721295,79.07015555,0.06108949063,,311.08
5847,35th week,Tamil Nadu,Virudhunagar,Chikungunya,18,,26,8,2013,9.5208936,77.8784564,0.03245187607,4.0,315.09000000000003
5971,39th week,Tamil Nadu,Madurai,Dengue And Chikungunya,12,,26,9,2013,9.9261153,78.1140983,0.006452685803,6.0,314.26
5991,40th week,Tamil Nadu,Tiruvannamalai,Chikungunya,15,,30,9,2013,12.22721295,79.07015555,0.008465507017,,304.48
6030,42nd week,Maharashtra,Beed,Chikungunya,21,,9,10,2013,18.9918442,75.909784,0.2995170722,14.0,301.82
6038,42nd week,Tamil Nadu,Namakkal,Chikungunya,34,,15,10,2013,11.28422485,78.16615284,0.0475826547,,309.264
6039,42nd week,Tamil Nadu,Tiruvannamalai,Chikungunya,13,,16,10,2013,12.22721295,79.07015555,0.1621631192,,302.37333340000004
6059,43rd week,Karnataka,Raichur,Chikungunya,16,,20,10,2013,16.083333,77.166667,0.07061104702,18.0,305.3466666
6060,43rd week,Karnataka,Raichur,Chikungunya,15,,22,10,2013,16.083333,77.166667,0.04305316069,18.0,305.3766666
6086,44th week,Andhra Pradesh,Visakhapatnam,Chikungunya,10,,28,10,2013,17.7222517,83.32670984,2.584537429,15.0,
6092,44th week,Karnataka,Kolar,Chikungunya,23,,25,10,2013,13.1367201,78.1337246,0.4646247216,12.0,302.02
6121,45th week,Madhya Pradesh,Khargone,Chikungunya,90,,2,11,2013,21.825599,75.614182,0.001283448222,11.0,305.92
6123,45th week,Maharashtra,Nashik,Chikungunya,22,,28,10,2013,20.0112475,73.7902364,0.01860046276,13.0,301.90000000000003
6130,46th week,Telangana,Mahbubnagar,Chikungunya,39,,9,11,2013,16.7434538,77.9923191,0.03351575273,,303.256
6169,48th week,Gujarat,Panchmahal,Chikungunya,10,,7,11,2013,22.7748893,73.620404,4.73e-05,10.0,306.5866666
6172,49th week,Karnataka,Chamrajnagar,Chikungunya,30,,3,12,2013,11.9269937,76.9424311,0.2165095117,,303.74
6178,49th week,Maharashtra,Latur,Chikungunya,16,,14,11,2013,18.35159075,76.75542361,4.77e-05,12.0,304.6966666
6199,51st week,Telangana,Medak,Chikungunya,20,,9,12,2013,17.9375095,78.21174499,0.007756390548,9.0,300.69
6207,1st week,Kerala,Trivandrum,Dengue And Chikungunya,178,,26,12,2011,8.4882267,76.947551,0.01756768168,,301.46500000000003
6214,2nd week,Tamil Nadu,Dindigul,Chikungunya,69,,11,1,2012,10.3303299,78.06739791,0.07027384008,10.0,299.12333340000004
6251,7th week,Tamil Nadu,Cuddalore,Chikungunya,30,,16,2,2012,11.7564329,79.7634644,0.01694272744,8.0,303.836
6262,9th week,Tamil Nadu,Villupuram,Chikungunya,12,,2,3,2012,11.9415377,79.4861469,0.004706182434,8.0,306.81
6269,10th week,Tamil Nadu,Thoothukudi,Chikungunya,55,,1,3,2012,8.8052602,78.1452745,0.006415241047,7.0,312.02
6312,15th week,Gujarat,Narmada,Chikungunya,16,,4,4,2012,21.8678464,73.5025585,6.86e-05,5.0,315.7866666
6317,15th week,Tamil Nadu,Tiruchirappalli,Chikungunya,34,,14,4,2012,10.7992254,78.6811423,0.01526588756,,313.5
6319,16th week,Odisha,Ganjam,Chikungunya,79,,14,4,2012,19.4129711,85.04710406,,,306.5933334
6321,16th week,Tamil Nadu,Dharmapuri,Chikungunya,28,,19,4,2012,12.09680475,78.19304301,0.001627891495,7.0,314.25333340000003
6322,16th week,Tamil Nadu,Tiruchirapalli,Chikungunya,29,,16,4,2012,10.8219673,78.6830614,0.01557259856,6.0,316.05
6323,16th week,Tamil Nadu,Thoothukudi,Chikungunya,12,,17,4,2012,8.8052602,78.1452745,0.07551768305,5.0,311.975
6331,17th week,Tamil Nadu,Dindigul,Chikungunya,21,,25,4,2012,10.3303299,78.06739791,0.03580833203,8.0,313.5133334
6335,18th week,Gujarat,Kheda,Chikungunya,67,,3,5,2012,22.75,72.833333,5.28e-05,5.0,317.1166666
6336,18th week,Gujarat,Kheda,Chikungunya,38,,4,5,2012,22.75,72.833333,3.56e-05,5.0,317.5266666
6337,18th week,Gujarat,Panchmahal,Chikungunya,26,,2,5,2012,22.7748893,73.620404,3.74e-05,4.0,320.78000000000003
6348,18th week,Tamil Nadu,Dindigul,Chikungunya,12,,27,4,2012,10.3303299,78.06739791,0.2981805242,8.0,310.93333340000004
6352,18th week,Gujarat,Jamnagar,Chikungunya,54,,8,4,2012,22.4732415,70.0552102,2.87e-05,4.0,318.79200000000003
6356,18th week,Karnataka,Tumkur,Chikungunya,57,,24,4,2012,13.3400771,77.1006208,0.1048395919,6.0,308.14
6361,18th week,Maharashtra,Beed,Chikungunya,18,,15,4,2012,18.9918442,75.909784,0.001103384156,4.0,320.30333340000004
6365,19th week,Gujarat,Bharuch,Chikungunya,15,,9,5,2012,21.75,73.0,0.001852235288,6.0,312.016
6381,19th week,Tamil Nadu,Pudukottai,Chikungunya,27,,7,5,2012,10.3826515,78.8191259,0.172675772,,308.52
6383,19th week,Tamil Nadu,Kanyakumari,Chikungunya,27,,5,5,2012,8.079252,77.5499338,,,
6384,19th week,Tamil Nadu,Kanyakumari,Chikungunya,53,,10,5,2012,8.079252,77.5499338,,,
6411,20th week,Tamil Nadu,Perambalur,Chikungunya,13,,16,5,2012,11.2287716,78.81825555,0.1577435245,,309.90500000000003
6413,20th week,West Bengal,Jalpaiguri,Chikungunya,44,,18,5,2012,26.4733048,88.67886686,0.3081961421,27.0,296.2833334
6423,21st week,Telangana,Mahabubnagar,Chikungunya,26,,22,5,2012,16.69656855,77.95911462,0.0001909062532,4.0,318.54
6439,21st week,Gujarat,Ahmadabad,Chikungunya,24,,1,5,2012,23.0216238,72.5797068,4.05e-05,5.0,316.2666666
6446,21st week,Maharashtra,Sangli,Chikungunya,14,,25,4,2012,17.1726928,74.58676543,0.09295113816,6.0,316.11
6448,21st week,Maharashtra,Ahmednagar,Chikungunya,20,,3,5,2012,19.1627725,74.8580243,5.28e-05,4.0,318.6166666
6450,21st week,Tamil Nadu,Pudukottai,Dengue/Chikungunya,27,,13,5,2012,10.3826515,78.8191259,0.216268789,9.0,309.172
6453,21st week,West Bengal,Jalpaiguri,Chikungunya,101,,19,5,2012,26.4733048,88.67886686,0.2077263342,27.0,294.9566666
6454,22nd week,Telangana,Mahabubnagar,Chikungunya,53,,24,5,2012,16.69656855,77.95911462,0.0001310279724,,318.184
6466,22nd week,Odisha,Ganjam,Chikungunya,43,,24,5,2012,19.4129711,85.04710406,,,305.76
6491,23rd week,Tamil Nadu,Dindigul,Chikungunya,20,,30,5,2012,10.3303299,78.06739791,0.2737304604,12.0,305.54
6516,24th week,Telangana,Mahabubnagar,Chikungunya,17,,1,6,2012,16.69656855,77.95911462,0.03516551716,,310.02
6518,24th week,Gujarat,Jamnagar,Chikungunya,10,,2,6,2012,22.4732415,70.0552102,0.002220530685,2.0,313.6733334
6619,28th week,West Bengal,Jalpaiguri,Chikungunya,281,,30,6,2012,26.4733048,88.67886686,1.492751894,15.0,294.9666666
6620,29th week,Telangana,Mahabubnagar,Chikungunya,48,,14,7,2012,16.69656855,77.95911462,0.129262187,7.0,311.86
6649,30th week,Telangana,Mahabubnagar,Chikungunya,13,,24,7,2012,16.69656855,77.95911462,0.8689985319,5.0,305.52
6690,31st week,Tamil Nadu,Salem,Chikungunya,27,,4,8,2012,11.0600516,77.0679581,0.02968363281,,307.64
6729,33rd week,Telangana,Mahabubnagar,Chikungunya,52,,13,8,2012,16.69656855,77.95911462,0.1756630812,8.0,303.02
6740,33rd week,Tamil Nadu,Salem,Chikungunya,30,,12,8,2012,11.0600516,77.0679581,1.034418064,,297.42
6741,33rd week,Tamil Nadu,Theni,Chikungunya,30,,17,8,2012,9.9696643,77.47420049,0.394840877,5.0,318.28000000000003
6742,33rd week,Tamil Nadu,Tiruchirapalli,Chikungunya,20,,18,8,2012,10.8219673,78.6830614,0.1723455923,7.0,307.92
6757,34th week,Telangana,Mahabubnagar,Dengue And Chikungunya,38,,23,8,2012,16.69656855,77.95911462,0.04047131201,8.0,308.66
6770,34th week,Maharashtra,Beed,Chikungunya,68,,16,8,2012,18.9918442,75.909784,0.08645001245,3.0,308.26
6792,35th week,Telangana,Mahabubnagar,Dengue And Chikungunya,50,,25,8,2012,16.69656855,77.95911462,0.1333671822,8.0,310.64
6800,35th week,Maharashtra,Beed,Chikungunya,13,,28,8,2012,18.9918442,75.909784,0.2405077337,,313.44
6815,36th week,Telangana,Mahabubnagar,Chikungunya,19,,29,8,2012,16.69656855,77.95911462,0.5355210746,6.0,
6831,37th week,Gujarat,Panchmahal,Chikungunya,12,,11,9,2012,22.7748893,73.620404,3.465302268,12.0,297.28000000000003
6855,37th week,West Bengal,Nadia,Chikungunya,17,,25,8,2012,23.48454125,88.55676307,0.5042963347,9.0,299.96
6872,38th week,Maharashtra,Beed,Chikungunya,17,,10,9,2012,18.9918442,75.909784,0.4881588554,6.0,309.99
6876,39th week,Gujarat,Panchmahal,Chikungunya,38,,25,9,2012,22.7748893,73.620404,0.2178434347,22.0,302.06
6880,39th week,Tamil Nadu,Ramanathapuram,Chikungunya,49,,26,9,2012,9.3895523,78.85907072,,4.0,311.08
6881,39th week,Tamil Nadu,Thanjavur,Chikungunya,19,,27,9,2012,10.7860267,79.1381497,0.07849861396,8.0,308.635
6883,39th week,Tamil Nadu,Tiruchirapalli,Chikungunya,45,,27,9,2012,10.8219673,78.6830614,0.07849861396,8.0,308.635
6924,41st week,Tamil Nadu,Dindigul,Dengue/Chikungunya,23,,10,9,2012,10.3303299,78.06739791,0.2779618353,11.0,310.0933334
6949,44th week,Maharashtra,Beed,Chikungunya,18,1.0,25,10,2012,18.9918442,75.909784,0.06779953158,10.0,309.65000000000003
6955,44th week,Maharashtra,Ratnagiri,Chikungunya,122,,7,10,2012,17.2826079,73.4569787,2.087999816,,
6956,44th week,Tamil Nadu,Dindigul,Dengue And Chikungunya,23,,9,10,2012,10.3303299,78.06739791,0.176139476,13.0,308.06333340000003
6972,46th week,Maharashtra,Akola,Chikungunya,83,,7,11,2012,20.76181225,77.19211567,0.0520768214,,307.06
6993,48th week,Maharashtra,Dhule,Chikungunya,24,,7,11,2012,21.13170235,74.48990147,0.0001266147689,,308.2666666
7009,49th week,Tamil Nadu,Salem,Dengue And Chikungunya,15,,27,11,2012,11.0600516,77.0679581,0.3881372966,10.0,303.745
7056,4th week,Telangana,Mahabubnagar,Chikungunya,5,0.0,10,1,2011,16.69656855,77.95911462,0.0007232686035,7.0,305.312
7136,11th week,Karnataka,Bidar,Chikungunya,56,0.0,27,2,2011,18.083333,77.333333,0.0670010289,4.0,307.48
7157,15th week,Gujarat,Amreli,Chikungunya,11,0.0,5,4,2011,20.866667,70.75,6.16e-05,6.0,315.00333340000003
7158,15th week,Karnataka,Bidar,Chikungunya,5,0.0,5,4,2011,18.083333,77.333333,6.16e-05,3.0,321.708
7164,15th week,Maharashtra,Dhule,Chikungunya,7,0.0,6,4,2011,21.13170235,74.48990147,6.86e-05,,318.2933334
7172,16th week,Karnataka,Bidar,Chikungunya,10,0.0,11,4,2011,18.083333,77.333333,0.0363195253,3.0,317.8166666
7191,17th week,Gujarat,Amreli,Chikungunya,32,0.0,19,4,2011,20.866667,70.75,0.001580187672,7.0,314.8866666
7192,17th week,Gujarat,Kheda,Chikungunya,19,0.0,19,4,2011,22.75,72.833333,0.001741688785,5.0,316.0966666
7230,19th week,Madhya Pradesh,Khargone,Chikungunya,8,0.0,10,5,2011,21.825599,75.614182,0.0007785707953,4.0,318.0966666
7234,19th week,Rajasthan,Barmer,Chikungunya,18,0.0,27,4,2011,25.5819034,71.61966243,3.48e-05,2.0,326.5066666
7243,20th week,Maharashtra,Nashik,Chikungunya,53,0.0,13,5,2011,20.0112475,73.7902364,0.005725708808,5.0,314.9866666
7279,22nd week,Karnataka,Belgaum,Chikungunya,27,0.0,5,6,2011,15.8572666,74.5069343,0.6886999553,4.0,311.1733334
7397,27th week,Karnataka,Bijapur,Chikungunya,27,0.0,8,7,2011,16.8269911,75.7175387,0.5030010184,3.0,
7400,27th week,Madhya Pradesh,Betul,Chikungunya,252,0.0,5,7,2011,21.8796162,77.87568125,0.3515865295,6.0,301.2666666
7426,28th week,Jharkhand,East Singhbhum,Chikungunya,135,0.0,15,7,2011,22.8092139,86.2091549,0.4403591812,6.0,305.40000000000003
7447,28th week,Tamil Nadu,Salem,Chikungunya,60,0.0,27,6,2011,11.0600516,77.0679581,0.08771809858,10.0,302.875
7450,28th week,Karnataka,Ballari,Chikungunya,76,0.0,9,7,2011,15.2485413,76.8323648,0.3032863327,4.0,
7484,29th week,Jharkhand,East Singhbhum,Chikungunya,1014,0.0,15,7,2011,22.8092139,86.2091549,0.4403591812,6.0,305.40000000000003
7485,29th week,Tamil Nadu,Salem,Chikungunya,58,0.0,12,7,2011,11.0600516,77.0679581,0.3025321207,,307.3466666
7495,30th week,Karnataka,Tumkur,Chikungunya,15,0.0,27,7,2011,13.3400771,77.1006208,0.3013353432,,305.86
7506,30th week,Tamil Nadu,Erode,Chikungunya,25,0.0,25,7,2011,11.3692044,77.67662687,0.3980800576,4.0,309.42
7516,30th week,Jharkhand,East Singhbhum,Chikungunya,3455,0.0,15,7,2011,22.8092139,86.2091549,0.4403591812,6.0,305.40000000000003
7517,30th week,Madhya Pradesh,Betul,Chikungunya,252,0.0,5,7,2011,21.8796162,77.87568125,0.3515865295,6.0,301.2666666
7540,31st week,Maharashtra,Wardha,Chikungunya,10,1.0,25,7,2011,20.82562315,78.6131455,0.9022943216,6.0,
7543,31st week,Tamil Nadu,Dharmapuri,Chikungunya,118,0.0,25,7,2011,12.09680475,78.19304301,0.1487190445,5.0,
7548,31st week,Jharkhand,West Singhbhum,Chikungunya,194,0.0,1,8,2011,22.7859232,86.1716093,0.2252366595,9.0,302.2
7554,32nd week,Jharkhand,West Singhbhum,Chikungunya,22,0.0,5,8,2011,22.7859232,86.1716093,0.7737979318,,303.02
7600,33rd week,Jharkhand,East Singhbhum,Chikungunya,6156,,18,8,2011,22.8092139,86.2091549,1.289579266,8.0,
7601,33rd week,Jharkhand,West Singhbhum,Chikungunya,5615,,5,8,2011,22.7859232,86.1716093,0.7737979318,,303.02
7618,34th week,Karnataka,Bidar,Chikungunya,26,0.0,21,8,2011,18.083333,77.333333,0.4304283882,,306.8
7631,34th week,Maharashtra,Nashik,Chikungunya,22,0.0,9,8,2011,20.0112475,73.7902364,0.6327013735,6.0,
7635,34th week,Jharkhand,East Singhbhum,Chikungunya,9,0.0,24,8,2011,22.8092139,86.2091549,0.4603347994,9.0,297.28000000000003
7656,35th week,Maharashtra,Parbhani,Chikungunya,57,0.0,15,8,2011,19.29031365,76.60290343,0.2515310148,6.0,301.57
7679,36th week,Tamil Nadu,Thiruvallur,Chikungunya,35,0.0,31,8,2011,13.13014755,79.92435386,0.161409477,8.0,
7693,36th week,Maharashtra,Nashik,Chikungunya,19,0.0,22,8,2011,20.0112475,73.7902364,0.3677492428,6.0,300.5
7704,37th week,Tamil Nadu,Coimbatore,Chikungunya,10,0.0,2,9,2011,11.0600516,77.0679581,1.372625489,7.0,304.18
7750,39th week,Maharashtra,Beed,Chikungunya,174,0.0,21,9,2011,18.9918442,75.909784,0.201998765,,302.1666666
7772,40th week,Gujarat,Sabarkantha,Chikungunya,11,0.0,26,9,2011,24.0294885,73.0459884,0.06785677637,20.0,300.1433334
7774,40th week,Maharashtra,Osmanabad,Chikungunya,26,0.0,7,10,2011,18.16984395,76.11796321,0.1813737367,,307.89
7777,40th week,West Bengal,Bardhaman,Chikungunya,150,0.0,1,10,2011,23.41146995,87.84499445,0.2890344527,24.0,300.91
7779,40th week,Maharashtra,Gadchiroli,Chikungunya,72,0.0,13,8,2011,19.75907035,80.16228073,0.2388756143,,298.3533334
7787,41st week,Gujarat,Vadodara,Chikungunya,25,0.0,12,10,2011,22.2973142,73.1942567,0.001700838664,11.0,308.17
7789,41st week,Haryana,Panchkula,Chikungunya,37,0.0,1,10,2011,30.7137692,76.868276,0.07678103099,15.0,302.0333334
7790,41st week,Haryana,Yamuna Nagar,Chikungunya,14,0.0,14,10,2011,30.1389108,77.301064,0.04768943848,9.0,304.448
7800,41st week,West Bengal,Hooghly,Chikungunya,42,0.0,10,10,2011,22.9052114,88.3760639,0.08795907942,19.0,303.084
7802,41st week,Maharashtra,Osmanabad,Chikungunya,26,0.0,23,9,2011,18.16984395,76.11796321,0.07189483971,10.0,306.23
7803,41st week,West Bengal,Howrah,Chikungunya/Dengue,538,0.0,5,9,2011,22.5736296,88.3251045,1.229217162,,300.2
7808,42nd week,Gujarat,Vadodara,Chikungunya,25,0.0,12,10,2011,22.2973142,73.1942567,0.001700838664,11.0,308.17
7811,42nd week,Madhya Pradesh,Burhanpur,Chikungunya,141,0.0,13,10,2011,21.3118839,76.2291992,0.003759158433,16.0,307.248
7812,42nd week,Madhya Pradesh,Khargone,Chikungunya,44,0.0,10,10,2011,21.825599,75.614182,0.003579647631,15.0,306.7166666
7816,42nd week,West Bengal,Hooghly,Chikungunya,94,0.0,10,10,2011,22.9052114,88.3760639,0.08795907942,19.0,303.084
7823,42nd week,West Bengal,Burdwan,Chikungunya,60,0.0,1,10,2011,23.2495714,87.8681751,0.283694283,21.0,301.375
7828,43rd week,Jharkhand,Dhanbad,Chikungunya,33,0.0,20,10,2011,23.7952809,86.4309638,0.05961393745,14.0,303.14
7834,43rd week,Madhya Pradesh,Khandwa,Chikungunya,300,0.0,10,10,2011,21.9778642,76.56882823,0.002249585117,13.0,308.2233334
7835,43rd week,Madhya Pradesh,Bhind,Chikungunya,46,3.0,4,9,2011,26.5,78.75,0.4936372819,12.0,303.29
7836,43rd week,Madhya Pradesh,Tikamgarh,Chikungunya,80,0.0,19,9,2011,24.85577805,79.04706347,0.4215212739,11.0,300.145
7837,43rd week,Maharashtra,Akola,Chikungunya,98,1.0,26,9,2011,20.76181225,77.19211567,0.07470984846,17.0,305.06
7839,43rd week,West Bengal,Howrah,Chikungunya,590,0.0,5,9,2011,22.5736296,88.3251045,1.229217162,,300.2
7851,44th week,Madhya Pradesh,Dhar,Chikungunya,10,0.0,1,11,2011,22.5,75.25,5.45e-05,,310.1333334
7852,44th week,Madhya Pradesh,Gwalior,Chikungunya,151,0.0,3,11,2011,26.2037247,78.1573628,5.06e-05,7.0,307.74
7854,44th week,Madhya Pradesh,Rajgarh,Chikungunya,62,0.0,2,11,2011,23.87167135,76.7748902,5.96e-05,5.0,310.192
7859,44th week,Karnataka,Belgaum,Chikungunya,20,0.0,10,10,2011,15.8572666,74.5069343,0.2800980786,19.0,303.328
7861,44th week,Maharashtra,Nashik,Chikungunya,17,0.0,17,10,2011,20.0112475,73.7902364,0.3018699178,15.0,302.74333340000004
7866,45th week,Madhya Pradesh,Bhopal,Chikungunya,6,0.0,11,11,2011,23.2584857,77.401989,6.24e-05,8.0,306.6633334
7868,45th week,Maharashtra,Ahmednagar,Chikungunya,31,0.0,31,10,2011,19.1627725,74.8580243,0.001625035882,,305.99666659999997
7879,45th week,Maharashtra,Ahmednagar,Chikungunya,219,0.0,2,10,2011,19.1627725,74.8580243,0.01921152374,15.0,304.535
7880,45th week,Maharashtra,Ahmednagar,Chikungunya,167,0.0,10,10,2011,19.1627725,74.8580243,0.02711818827,14.0,305.41200000000003
7881,45th week,Maharashtra,Beed,Chikungunya,188,0.0,18,10,2011,18.9918442,75.909784,0.297664527,17.0,305.06
7884,45th week,Tamil Nadu,Coimbatore,Chikungunya,12,0.0,15,9,2011,11.0600516,77.0679581,0.5285079055,7.0,309.38
7886,45th week,Madhya Pradesh,Khandwa,Chikungunya,400,0.0,28,10,2011,21.9778642,76.56882823,5.62e-05,9.0,309.8666666
7888,45th week,Maharashtra,Nashik,Chikungunya,15,0.0,31,10,2011,20.0112475,73.7902364,0.0001754680342,,302.81333340000003
7889,45th week,West Bengal,Howrah,Dengue And Chikungunya,18,0.0,21,9,2011,22.5736296,88.3251045,1.243327224,,300.54
7892,46th week,Bihar,Nalanda,Chikungunya,24,0.0,7,11,2011,25.1364914,85.44365465,0.0008950611861,9.0,301.625
7914,47th week,Madhya Pradesh,Chhindwara,Chikungunya,20,0.0,12,11,2011,22.13983105,78.80964495,5.82e-05,9.0,306.19
7916,47th week,West Bengal,Jalpaiguri,Chikungunya,21,0.0,3,11,2011,26.4733048,88.67886686,0.01132713893,34.0,298.056
7922,48th week,Maharashtra,Ratnagiri,Dengue/Chikungunya,24,0.0,17,11,2010,17.2826079,73.4569787,0.3567681254,,300.34000000000003
7928,48th week,Madhya Pradesh,Morena,Chikungunya,117,0.0,11,11,2010,26.166667,77.5,0.01270885435,8.0,303.37333340000004
7929,48th week,Madhya Pradesh,Bhind,Chikungunya,100,0.0,28,10,2010,26.5,78.75,0.003990881287,8.0,305.39
7932,48th week,West Bengal,North 24 Parganas,Chikungunya,2926,0.0,16,9,2010,22.642931,88.8930579,0.7400192658,11.0,
7935,49th week,Gujarat,Patan,Chikungunya,13,0.0,7,12,2011,23.77405735,71.68373466,5.28e-05,4.0,309.75333340000003
7939,49th week,Maharashtra,Jalgaon,Chikungunya,24,0.0,28,11,2011,20.84288265,75.52612464,5.44e-05,8.0,304.4766666
7940,49th week,Tamil Nadu,Salem,Chikungunya,15,0.0,8,12,2011,11.0600516,77.0679581,0.1249275227,10.0,301.82
7946,50th week,Andhra Pradesh,Visakhapatnam,Chikungunya,12,0.0,14,12,2011,17.7222517,83.32670984,0.005255753106,9.0,302.38
7956,50th week,Tamil Nadu,Cuddalore,Chikungunya,33,0.0,14,12,2011,11.7564329,79.7634644,0.1001201888,13.0,299.34000000000003
7958,50th week,Tamil Nadu,Tiruvannamalai,Chikungunya,9,0.0,18,12,2011,12.22721295,79.07015555,0.04806343502,,300.7
7962,50th week,Maharashtra,Nashik,Chikungunya,17,0.0,21,11,2011,20.0112475,73.7902364,9.65e-05,8.0,306.7
7967,50th week,West Bengal,Jalpaiguri,Chikungunya,780,0.0,3,11,2011,26.4733048,88.67886686,0.01132713893,34.0,298.056
7969,51st week,Madhya Pradesh,Khargone,Chikungunya,105,0.0,12,12,2011,21.825599,75.614182,2.74e-05,5.0,306.3766666
7974,51st week,Madhya Pradesh,Tikamgarh,Chikungunya,63,0.0,3,11,2011,24.85577805,79.04706347,5.06e-05,5.0,307.8333334
7975,51st week,Maharashtra,Washim,Chikungunya,7,0.0,18,11,2011,20.28741775,77.2369655,4.57e-05,7.0,309.4033334
7983,3rd week,Tamil Nadu,Ramanathapuram,Chikungunya,26,1.0,10,1,2010,9.3895523,78.85907072,,9.0,301.73
7984,3rd week,Puducherry,Puducherry,Chikungunya,8,,4,1,2010,11.9340568,79.8306447,0.03498111588,10.0,300.115
7999,7th week,Tamil Nadu,Virudhunagar,Chikungunya,68,,6,2,2010,9.5208936,77.8784564,0.0001739029875,8.0,306.688
8015,11th week,Maharashtra,Thane,Chikungunya,61,,15,2,2010,19.1943294,72.9701779,0.002743676953,8.0,304.86400000000003
8048,16th week,Karnataka,Belgaum,Chikungunya,55,,15,4,2010,15.8572666,74.5069343,0.07287030204,,314.62333340000004
8055,16th week,Rajasthan,Jaipur,Chikungunya,30,,28,3,2010,26.9154576,75.8189817,4.38e-05,3.0,317.74333340000004
8104,19th week,Karnataka,Tumkur,Chikungunya,63,,26,4,2010,13.3400771,77.1006208,0.1481715215,8.0,309.884
8135,21st week,Karnataka,Chamarajnagar,Chikungunya,18,,20,5,2010,14.3683154,76.6538415,0.1732381209,7.0,308.5333334
8156,22nd week,Kerala,Kannur,Chikungunya,23,,25,5,2010,11.8763836,75.3737973,,,301.3933334
8207,24th week,Kerala,Kannur,Chikungunya,80,,25,5,2010,11.8763836,75.3737973,,,301.3933334
8362,32nd week,Tamil Nadu,Vellore,Chikungunya,8,,30,7,2010,12.7948109,79.0006411,0.0739963587,12.0,302.18
8369,33rd week,Gujarat,Kutch,Chikungunya,175,,6,8,2010,23.583333,70.0,0.8300368866,5.0,294.44
8375,33rd week,Kerala,Wayanad,Chikungunya,13,,1,7,2010,11.715219,76.12690295,0.696739417,7.0,294.48
8414,34th week,Gujarat,Kutch,Chikungunya,349,,6,8,2010,23.583333,70.0,0.8300368866,5.0,294.44
8426,35th week,Tamil Nadu,Pudukkottai,Chikungunya,41,,14,8,2010,10.5,78.833333,0.2143385869,7.0,310.75
8440,36th week,Karnataka,Kodagu,Chikungunya,22,,19,8,2010,12.38217745,75.66531992,2.301587439,7.0,296.40000000000003
8469,38th week,West Bengal,Nadia,Chikungunya,800,,25,8,2010,23.48454125,88.55676307,0.3522695191,7.0,300.22
8479,39th week,Tamil Nadu,Tiruvannamalai,Chikungunya,25,,15,9,2010,12.22721295,79.07015555,0.5170620122,9.0,310.88
8481,39th week,Tamil Nadu,Salem,Chikungunya,35,,13,9,2010,11.0600516,77.0679581,0.4201370451,,308.24
8494,39th week,West Bengal,Nadia,Chikungunya,931,,25,8,2010,23.48454125,88.55676307,0.3522695191,7.0,300.22
8496,40th week,Gujarat,Sabarkantha,Chikungunya,11,,26,9,2010,24.0294885,73.0459884,0.00813693022,23.0,302.27
8500,40th week,Karnataka,Belgaum,Chikungunya,25,,30,8,2010,15.8572666,74.5069343,0.6160425642,11.0,294.62
8507,40th week,Tamil Nadu,Ramanathapuram,Chikungunya,18,,17,9,2010,9.3895523,78.85907072,,6.0,312.59000000000003
8533,41st week,West Bengal,Nadia,Chikungunya,993,,25,8,2010,23.48454125,88.55676307,0.3522695191,7.0,300.22
8558,43rd week,Tamil Nadu,Tiruvannamalai,Chikungunya,19,,14,10,2010,12.22721295,79.07015555,0.1838960268,12.0,303.4066666
8583,45th week,West Bengal,Nadia,Chikungunya/ Dengue,301,,21,10,2010,23.48454125,88.55676307,0.2277246495,14.0,301.30333340000004
8589,46th week,Maharashtra,Beed,Chikungunya,168,,25,10,2010,18.9918442,75.909784,0.43510058,14.0,302.56
8609,48th week,Madhya Pradesh,Morena,Chikungunya,117,,11,11,2010,26.166667,77.5,0.01270885435,8.0,303.37333340000004
8610,48th week,Madhya Pradesh,Bhind,Chikungunya,100,,28,10,2010,26.5,78.75,0.003990881287,8.0,305.39
8623,49th week,Madhya Pradesh,Bhind,Chikungunya,50,,22,11,2010,26.5,78.75,0.2847175431,6.0,296.976
8627,50th week,Madhya Pradesh,Bhind,Chikungunya,70,,29,11,2010,26.5,78.75,0.1769068589,6.0,297.46
8628,50th week,Madhya Pradesh,Dhar,Chikungunya,35,,3,12,2010,22.5,75.25,0.02389065083,,302.86400000000003
8634,50th week,Rajasthan,Bikaner,Chikungunya,3131,,1,11,2010,28.0159286,73.3171367,0.003356386358,,311.04
8635,51st week,Madhya Pradesh,Satna,Chikungunya,13,,13,12,2010,24.5,81.0,0.03711341118,8.0,298.355
8640,51st week,Rajasthan,Bikaner,Chikungunya,8,,23,11,2010,28.0159286,73.3171367,0.01683520048,2.0,307.832
8643,51st week,Madhya Pradesh,Bhind,Chikungunya,36,,6,12,2010,26.5,78.75,7.55e-05,11.0,296.7566666
8650,52nd week,West Bengal,Burdwan,Chikungunya,50,1.0,18,12,2010,23.2495714,87.8681751,4.57e-05,,295.375
8663,25th week,Tamil Nadu,Namakkal,Chikungunya,72,0.0,16,6,2009,11.28422485,78.16615284,0.149054141,6.0,312.176
8664,25th week,Tamil Nadu,Vellore,Chikungunya,28,0.0,15,6,2009,12.7948109,79.0006411,0.5008628407,12.0,306.065
8665,25th week,Tamil Nadu,Virudhunagar,Chikungunya,27,0.0,18,6,2009,9.5208936,77.8784564,0.08781859786,,315.388
8666,25th week,Kerala,Kannur,Chikungunya,14,0.0,10,6,2009,11.8763836,75.3737973,,,301.24666659999997
8675,26th week,Tamil Nadu,Namakkal,Chikungunya,48,0.0,24,6,2009,11.28422485,78.16615284,0.1447846121,6.0,312.1466666
8677,26th week,Tamil Nadu,Salem,Chikungunya,16,0.0,23,6,2009,11.0600516,77.0679581,0.1693351768,5.0,310.86
8678,26th week,Tamil Nadu,Ariyalur (Perambalur),Chikungunya,40,0.0,25,6,2009,11.1489062,79.0686377,0.09155758183,,313.58
8694,27th week,Tamil Nadu,Krishnagiri,Chikungunya,5,0.0,30,6,2009,12.5188835,78.2206536,0.1711496253,11.0,308.955
8716,28th week,Tamil Nadu,Theni,Chikungunya,50,0.0,7,7,2009,9.9696643,77.47420049,0.2562282816,4.0,316.06
8727,29th week,Tamil Nadu,Salem,Chikungunya,24,0.0,15,7,2009,11.0600516,77.0679581,0.2467298268,5.0,298.64
8741,30th week,Goa,South Goa,Chikungunya,30,0.0,15,7,2009,15.21961365,74.1152813,3.755514997,3.0,292.66
8753,31st week,Kerala,Kozhikode,Chikungunya,41,0.0,29,7,2009,11.2450558,75.7754716,0.4191226556,,
8779,32nd week,Tamil Nadu,Salem,Chikungunya,25,0.0,3,8,2009,11.0600516,77.0679581,0.2945496566,8.0,308.22
8780,32nd week,Tamil Nadu,Virudhunagar,Chikungunya,26,0.0,5,8,2009,9.5208936,77.8784564,0.1822243285,,316.4266666
8781,32nd week,Tamil Nadu,Karur,Chikungunya,42,0.0,8,8,2009,10.9301522,78.08485455,0.01174368439,4.0,309.79
8782,32nd week,Tamil Nadu,Theni,Chikungunya,82,0.0,3,8,2009,9.9696643,77.47420049,0.2169554891,4.0,315.25
8791,33rd week,Kerala,Malappuram,Chikungunya,133,0.0,3,8,2009,11.10684475,76.1099551,0.4440940566,16.0,298.97
8792,33rd week,Kerala,Kozhikode,Chikungunya,41,0.0,29,7,2009,11.2450558,75.7754716,0.4191226556,,
8802,33rd week,Tamil Nadu,Salem,Chikungunya,67,0.0,15,7,2009,11.0600516,77.0679581,0.2467298268,5.0,298.64
8824,35th week,Tamil Nadu,Tirunelveli,Chikungunya,17,0.0,27,8,2009,8.7284271,77.7112925,0.09101110964,5.0,312.8
8843,37th week,Tamil Nadu,Salem,Chikungunya,21,0.0,29,8,2009,11.0600516,77.0679581,0.1411278607,,309.2866666
8847,37th week,Kerala,Mallapuram,Chikungunya,216,0.0,3,8,2009,10.82220375,76.46703714,0.4440940566,16.0,298.97
8856,38th week,Tamil Nadu,Karur,Chikungunya,26,0.0,19,9,2009,10.9301522,78.08485455,0.5334647889,7.0,306.65000000000003
8857,38th week,Tamil Nadu,Namakkal,Chikungunya,32,0.0,17,9,2009,11.28422485,78.16615284,0.2588042895,7.0,308.22400000000005
8861,38th week,Tamil Nadu,Ramanathapuram,Chikungunya,49,0.0,9,9,2009,9.3895523,78.85907072,,5.0,310.42
8862,39th week,Odisha,Puri,Chikungunya,79,0.0,20,9,2009,19.8076083,85.8252538,0.6457313805,14.0,301.556
8863,39th week,Tamil Nadu,Dindigul,Chikungunya,83,0.0,21,9,2009,10.3303299,78.06739791,0.9820606935,,306.135
8878,40th week,Tamil Nadu,Ramanathapuram,Chikungunya,44,0.0,25,9,2009,9.3895523,78.85907072,,6.0,311.82
8880,40th week,Tamil Nadu,Tiruchirappalli,Chikungunya,8,0.0,24,9,2009,10.7992254,78.6811423,0.5714350858,9.0,305.684
8921,44th week,Tamil Nadu,Perambalur,Chikungunya,24,0.0,28,10,2009,11.2287716,78.81825555,0.01342844467,6.0,307.264
8928,45th week,Tamil Nadu,Karur,Chikungunya,17,0.0,5,11,2009,10.9301522,78.08485455,0.1796470802,5.0,304.52
8931,45th week,West Bengal,Howrah,Chikungunya,163,0.0,21,10,2009,22.5736296,88.3251045,0.05016815469,17.0,303.16400000000004
8936,46th week,West Bengal,Malda,Chikungunya,50,0.0,6,11,2009,25.0057449,88.1398483,7.61e-05,12.0,301.608
8938,46th week,West Bengal,Howrah,Chikungunya,131,0.0,21,10,2009,22.5736296,88.3251045,0.05016815469,17.0,303.16400000000004
8946,47th week,Tamil Nadu,Pudukkottai,Chikungunya,8,0.0,17,11,2009,10.5,78.833333,0.7379969291,,305.5
8950,47th week,West Bengal,Howrah,Chikungunya,243,0.0,21,10,2009,22.5736296,88.3251045,0.05016815469,17.0,303.16400000000004
8954,48th week,West Bengal,Howrah,Chikungunya,266,0.0,21,10,2009,22.5736296,88.3251045,0.05016815469,17.0,303.16400000000004
8957,49th week,Tamil Nadu,Dindigul,Chikungunya,13,0.0,1,12,2009,10.3303299,78.06739791,0.08804291906,12.0,301.548
8961,49th week,Tamil Nadu,Perambalur,Chikungunya,18,0.0,3,12,2009,11.2287716,78.81825555,0.28373793,,301.755
8966,50th week,Maharashtra,Ratnagiri,Chikungunya,6,0.0,22,11,2009,17.2826079,73.4569787,0.2765353113,15.0,303.075
8967,50th week,Tamil Nadu,Coimbatore,Chikungunya,47,0.0,23,11,2009,11.0600516,77.0679581,0.2932651034,9.0,301.54
8968,50th week,Tamil Nadu,Perambalur,Chikungunya,15,0.0,25,11,2009,11.2287716,78.81825555,0.3929613565,,301.0933334
8969,50th week,Tamil Nadu,Theni,Chikungunya,10,0.0,15,7,2009,9.9696643,77.47420049,0.06405189711,4.0,314.1466666
8970,50th week,Tamil Nadu,Trichy,Chikungunya,38,0.0,18,10,2009,10.7992254,78.6811423,0.1131071402,7.0,308.672
8971,50th week,Tamil Nadu,Virudhunagar,Chikungunya,15,0.0,12,8,2009,9.5208936,77.8784564,0.01718559571,,318.05333340000004
8978,52nd week,Goa,South Goa,Chikungunya,17,0.0,21,12,2009,15.21961365,74.1152813,0.006113389157,24.0,301.36400000000003
8983,52nd week,Tamil Nadu,Trichy,Chikungunya,28,0.0,8,12,2009,10.7992254,78.6811423,0.1823243828,15.0,302.42
